0,1,0,1,2,3,4,5,6,7,8,9,0,1,0,2,0,3,0,3,4,0,0,1,0,2,0,5,3,0,6,0,0,0,1,2,3,4,1,5,6,7,8,9,2,8,10,11,12,13,3,14,15,16,8,2,4,17,18,19,20,4,5,21,22,23,18,24,3,5,25,7,26,23,0,0,10,11,4,27,3,28,15,16,4,27,0,8,29,9,13,30,1
0,1,10,11,12,3,13,14,15,7,16,17,0,1,0,2,0,6,5,0,6,0,0,1,0,2,0,6,0,3,1,0,3,5,25,7,19,18,3,5,25,7,3,27,5,21,26,23,4,13,3,14,15,16,8,2,4,17,18,31,20,12,3,5,25,7,18,24,5,32,26,23,20,27,6,0,10,11,4,27,7,33,34,24,28,25,4,17,35,19,28,6,1
2,3,18,19,20,3,4,5,11,2,21,13,1,0,0,2,0,5,3,0,6,0,0,1,0,2,6,0,3,0,6,0,3,5,25,7,3,4,0,8,1,9,5,25,3,28,6,36,4,13,3,14,15,16,2,8,4,17,18,31,12,20,3,5,25,7,24,18,3,5,6,36,3,27,8,20,12,13,8,10,9,21,22,23,25,16,4,17,18,31,20,12,0
3,2,14,22,7,23,13,10,1,2,21,24,1,0,0,2,0,5,3,0,6,0,0,1,0,2,1,0,3,0,4,0,1,5,25,7,18,24,5,37,26,38,8,9,0,0,10,11,4,27,1,14,15,16,8,2,4,17,18,31,12,20,3,5,6,7,18,24,0,8,29,9,5,6,8,20,12,13,8,10,9,21,22,23,25,16,10,17,18,31,26,38,1
4,5,10,6,25,23,4,14,1,2,3,26,0,1,2,0,0,1,0,3,6,0,0,1,0,2,0,1,3,0,0,4,3,5,6,7,3,4,3,5,25,7,26,38,8,20,12,13,8,10,1,14,15,16,8,2,4,17,18,31,20,12,3,5,25,7,18,19,1,5,6,7,8,9,8,20,12,27,8,10,3,14,15,16,2,8,10,33,18,19,20,12,1
5,4,14,1,27,3,13,28,11,7,23,4,1,0,0,2,0,1,3,0,0,6,0,1,2,0,0,1,0,3,4,0,3,5,25,7,17,18,1,5,6,7,8,9,3,5,25,7,21,23,3,14,15,16,2,8,4,17,18,19,20,12,7,17,34,19,3,4,3,5,25,7,3,27,0,0,10,11,27,3,1,14,15,36,8,2,4,17,18,31,20,12,0
0,6,14,6,7,23,13,28,29,30,3,31,0,1,0,2,0,5,5,0,4,0,1,0,0,2,1,0,0,3,6,0,3,5,6,36,17,34,3,5,25,7,26,23,0,0,10,11,4,27,1,14,15,16,8,2,4,33,18,31,20,12,7,17,34,19,3,4,11,32,22,23,27,3,3,5,6,36,12,13,3,14,15,16,8,2,4,33,18,31,20,12,0
6,0,5,6,32,8,13,14,1,33,3,24,1,0,0,2,3,0,0,3,6,0,0,1,0,2,0,1,3,0,4,0,3,5,6,36,17,34,3,5,25,7,26,23,0,0,10,11,4,27,1,14,15,16,8,2,4,33,18,31,20,12,7,17,34,19,3,4,11,32,22,23,27,3,3,5,6,36,12,13,3,14,15,16,8,2,4,33,18,31,20,12,0
0,6,14,29,9,23,34,5,19,2,35,24,1,0,0,2,3,0,0,5,6,0,0,1,0,2,0,5,3,0,4,0,3,5,6,36,17,34,3,5,25,7,26,23,0,0,10,11,4,27,1,14,15,16,8,2,4,33,18,31,20,12,7,17,34,19,3,4,11,32,22,23,27,3,3,5,6,36,12,13,3,14,15,16,8,2,4,33,18,31,20,12,1
7,8,17,36,2,8,37,10,6,7,21,4,1,0,0,2,0,3,1,0,0,4,0,1,2,0,0,5,0,3,0,6,7,17,18,19,0,10,3,5,25,7,3,39,5,21,22,23,13,12,3,28,15,16,4,27,10,33,18,19,20,12,3,5,6,7,3,4,3,5,6,36,20,27,0,0,1,11,13,12,9,21,26,23,16,25,4,40,18,24,20,12,0
7,8,18,19,25,21,24,0,1,33,16,37,1,0,0,2,0,1,3,0,0,6,0,1,2,0,0,1,0,3,0,1,7,40,34,19,4,13,0,8,1,9,26,38,5,20,12,13,21,41,9,21,26,23,14,25,10,33,34,19,26,41,3,28,6,7,3,4,1,5,6,36,8,9,3,28,6,36,21,23,12,3,4,39,28,16,10,33,18,31,12,39,0
3,5,14,19,25,3,13,0,6,2,8,38,0,1,0,2,1,0,3,0,6,0,1,0,0,2,0,5,5,0,4,3,1,5,25,7,34,19,0,8,1,9,5,25,8,20,12,13,17,18,3,14,15,16,8,2,10,17,34,24,4,20,3,5,25,7,3,4,3,5,25,36,26,38,2,8,10,11,12,13,3,28,15,36,0,10,6,0,1,2,28,16,1
5,3,39,36,29,3,13,14,11,7,21,40,1,0,0,2,0,1,3,0,0,4,0,1,0,2,1,0,3,0,4,0,7,17,18,19,4,13,3,5,25,7,3,39,5,21,26,23,12,13,3,14,15,16,2,8,4,17,18,19,20,12,3,5,25,7,34,24,3,5,25,36,3,27,0,0,10,11,4,27,9,21,22,23,25,16,10,17,18,24,6,28,1
3,5,14,41,7,23,24,10,1,34,3,9,0,1,0,2,1,0,3,0,4,0,1,0,0,2,0,1,3,0,0,6,3,5,25,7,18,24,3,5,15,36,8,9,0,0,10,11,28,16,1,14,15,16,8,2,10,17,18,24,26,38,3,5,6,7,3,4,1,5,6,7,8,9,0,3,12,13,8,10,3,14,15,36,2,8,0,8,29,9,30,13,1
9,10,10,11,2,8,42,43,1,25,3,44,0,1,2,0,0,3,3,0,0,6,1,6,0,2,1,0,3,0,0,4,3,5,6,7,3,4,3,5,6,7,8,1,8,20,12,13,8,10,3,28,15,36,4,27,4,17,18,31,30,4,3,5,25,7,4,13,0,8,29,9,6,5,8,20,12,13,17,18,3,28,15,36,8,2,6,0,1,11,21,38,1
9,10,10,1,29,3,42,28,41,7,35,13,0,1,2,0,0,1,3,0,0,6,1,0,0,2,1,0,3,0,0,4,3,5,6,7,4,3,1,5,6,36,8,9,5,32,22,23,12,13,3,28,15,36,8,2,4,17,18,31,30,4,7,17,18,19,3,4,3,5,25,7,32,38,0,0,10,11,4,27,13,28,25,36,8,2,4,33,18,31,20,12,0
9,10,43,36,25,8,38,10,19,34,21,13,6,1,0,2,1,0,5,0,4,3,0,1,2,0,0,1,3,0,0,6,3,5,6,7,4,13,3,5,25,7,3,39,5,3,12,13,8,10,3,28,15,36,4,27,2,0,10,11,28,16,3,5,6,7,3,4,0,8,1,9,5,25,14,37,26,42,8,10,9,21,26,23,20,4,10,17,18,19,4,20,0
1,11,45,11,2,35,44,14,15,0,8,31,0,1,0,2,0,6,0,5,4,0,0,1,2,0,4,0,0,3,0,6,3,5,6,7,18,19,3,5,6,7,3,27,2,8,10,11,12,13,13,28,25,16,3,39,6,0,10,11,27,20,3,5,6,7,17,34,5,32,26,23,8,9,0,8,10,2,28,6,3,28,15,36,4,27,4,17,34,31,20,12,0
11,1,28,1,46,23,31,10,6,34,3,4,0,1,2,0,1,0,0,3,0,6,0,1,0,2,0,1,0,5,6,0,7,17,18,19,3,4,1,5,6,36,8,9,3,28,6,7,21,23,1,14,15,16,8,2,4,17,18,31,20,12,3,5,6,7,3,4,3,5,6,7,20,27,0,8,10,11,18,19,3,14,15,16,8,2,4,17,18,31,20,12,0
1,11,46,6,2,3,31,10,19,34,8,4,0,1,0,2,0,1,0,3,6,0,0,1,2,0,1,0,0,5,0,6,3,28,6,7,4,13,3,5,6,7,20,27,3,20,12,13,8,10,3,14,15,16,8,2,4,17,18,31,20,12,3,5,6,7,3,4,0,8,1,9,5,6,0,3,12,27,8,10,3,28,15,16,27,4,4,17,18,31,20,12,1
12,13,5,11,33,23,13,28,1,47,3,24,0,1,2,0,0,1,3,0,6,0,1,0,2,0,1,0,3,0,0,4,3,5,25,7,17,34,3,5,25,36,3,27,15,28,6,36,34,19,1,14,15,16,8,2,4,17,18,31,20,12,7,17,18,19,3,4,1,5,25,7,8,9,13,28,25,36,3,27,3,28,15,36,8,2,10,33,18,24,26,38,1
13,12,10,1,12,48,38,45,6,27,8,31,1,0,2,0,1,0,5,0,3,4,0,1,2,0,0,1,3,0,6,0,3,5,6,7,3,4,1,5,25,7,8,9,5,21,26,23,0,10,1,14,25,16,0,2,2,0,1,11,28,16,3,5,25,7,18,24,3,5,25,36,27,20,3,28,6,36,21,23,3,28,15,16,4,27,4,17,18,31,20,12,0
4,8,14,15,7,3,13,10,6,49,8,4,0,1,2,0,0,1,0,3,6,0,0,1,2,0,0,1,0,1,0,6,3,5,25,7,17,18,5,32,26,23,20,27,0,0,10,11,27,3,3,28,15,16,8,2,4,17,18,31,12,20,3,5,6,7,3,4,3,5,6,36,27,20,15,28,6,36,34,19,3,28,15,36,4,27,4,40,18,31,20,12,1
8,4,45,36,50,23,4,10,19,49,8,31,0,1,2,0,0,1,0,5,0,6,0,1,2,0,0,6,0,3,6,0,3,5,6,7,40,18,3,5,25,36,3,39,13,28,15,36,3,4,1,14,15,36,8,2,4,40,18,31,20,12,3,5,25,7,3,4,0,8,1,9,5,25,3,28,25,36,3,12,3,28,15,36,4,27,4,17,18,31,12,20,0
14,0,14,6,2,8,38,10,19,25,3,24,1,0,0,2,0,5,5,0,4,3,0,1,0,2,0,1,3,0,6,0,3,5,6,7,18,24,3,5,6,36,26,23,8,3,12,27,8,10,3,28,15,16,4,27,2,0,1,11,28,16,3,28,25,36,18,24,0,8,1,9,26,38,8,20,12,13,17,18,3,14,15,16,2,8,10,33,18,24,26,38,1
0,14,14,19,12,3,24,28,11,51,8,9,0,1,0,2,0,1,3,0,4,0,1,0,0,2,0,1,3,0,0,6,3,5,25,36,17,34,0,8,1,9,25,5,5,21,26,23,6,28,3,14,15,16,2,8,10,33,18,24,26,38,7,17,18,19,3,4,3,5,6,7,3,27,4,17,18,19,13,4,3,28,15,16,4,27,0,8,29,9,30,43,0
2,9,52,15,53,48,38,10,29,9,8,13,1,0,0,2,0,1,1,0,3,4,0,1,2,0,0,1,1,0,0,6,3,5,25,7,4,13,11,32,26,23,28,36,2,0,10,11,3,12,1,14,25,16,3,4,6,0,10,2,28,16,3,5,25,7,18,19,11,32,26,23,3,43,0,8,29,9,34,17,3,28,15,36,4,27,4,17,18,19,20,4,0
2,9,28,1,47,16,9,10,19,33,3,13,1,0,0,2,0,1,3,0,1,0,0,1,2,0,0,1,3,0,0,4,7,17,18,19,3,4,1,5,25,36,18,31,9,21,22,23,0,10,7,33,18,24,28,25,4,17,34,19,6,5,3,5,25,7,3,4,15,5,25,36,8,9,15,28,6,36,19,34,3,28,15,16,2,8,4,17,18,19,20,4,0
15,6,5,19,7,35,9,28,36,54,3,13,0,1,2,0,1,0,0,3,0,6,1,0,0,2,3,0,0,5,6,0,3,5,25,7,27,3,0,8,1,9,5,25,0,0,10,2,4,27,13,28,25,16,4,39,0,0,29,11,12,30,7,17,34,19,3,4,3,5,25,7,8,9,14,21,22,42,34,24,3,14,15,16,8,2,4,33,18,31,12,27,0
6,15,28,19,34,3,24,5,6,50,8,38,1,0,0,2,1,0,0,3,6,0,0,1,2,0,1,0,0,6,4,3,7,17,34,19,3,4,0,8,29,9,5,25,0,3,12,27,8,10,3,14,15,16,8,2,10,33,18,24,26,38,3,5,6,7,27,3,3,5,25,36,38,26,15,14,15,16,3,4,3,28,15,16,4,27,2,0,10,2,28,16,1
1,4,0,36,12,8,38,5,11,47,3,13,0,1,0,2,0,1,0,5,3,4,0,1,2,0,0,1,0,3,6,0,0,0,1,2,3,4,3,5,25,7,3,39,5,21,26,23,0,10,3,28,15,16,3,4,2,0,1,11,28,16,3,5,25,7,34,24,3,5,25,7,3,27,9,21,44,23,0,10,3,28,15,36,8,2,4,17,18,31,20,12,1
4,1,10,36,25,8,4,28,19,47,3,13,0,1,2,0,0,1,0,3,6,0,0,1,0,2,0,1,0,3,4,0,3,5,25,7,3,4,3,5,25,7,3,39,5,20,12,13,8,10,3,28,15,36,4,27,4,17,18,31,20,12,7,17,18,19,3,4,0,8,1,9,5,25,6,0,10,11,21,23,3,14,15,16,8,2,4,17,18,31,20,12,0
7,11,14,15,47,35,31,55,36,44,3,4,1,0,0,2,0,1,3,0,0,6,0,5,2,0,1,0,0,5,0,4,3,5,6,7,34,19,5,32,26,23,20,27,6,0,10,11,21,23,13,14,25,16,8,2,4,33,18,31,20,12,0,0,1,2,3,4,3,5,25,7,39,3,8,3,12,27,8,1,3,14,15,16,2,8,4,33,18,31,20,12,0
11,7,56,36,34,3,4,28,19,12,21,26,0,1,2,0,1,0,0,3,0,4,1,0,0,2,0,1,3,0,0,6,15,14,6,16,3,4,3,5,25,7,39,3,6,3,12,27,8,10,3,14,15,16,2,8,4,33,18,31,20,12,0,3,4,27,34,19,0,8,1,9,5,25,5,21,44,23,13,12,9,21,26,23,14,25,10,33,18,31,20,12,1
10,3,10,1,7,8,31,45,19,29,3,13,1,0,0,2,1,0,3,0,0,6,0,1,0,2,1,0,3,0,6,0,3,5,25,7,3,4,0,8,29,9,6,5,0,0,10,11,4,27,3,28,15,36,4,27,4,33,18,31,20,12,3,5,6,7,18,24,0,8,1,9,5,25,5,32,22,23,12,13,3,14,15,16,8,2,4,17,18,31,20,4,1
3,10,28,1,12,3,4,45,19,7,35,13,0,1,0,2,6,0,5,0,4,0,1,0,0,2,1,0,3,0,0,6,7,17,34,19,3,4,0,8,29,9,5,25,5,21,22,23,12,13,3,14,15,16,8,2,4,17,34,31,20,12,3,5,25,7,21,23,0,8,1,9,25,16,0,0,10,11,4,13,13,28,25,36,4,39,4,33,18,31,20,12,1
3,10,14,1,20,23,4,28,41,25,3,31,0,1,0,2,1,0,5,0,4,0,1,0,0,2,1,0,3,0,0,6,3,5,6,7,17,18,0,8,29,9,5,6,3,28,6,36,4,13,1,14,15,16,8,2,4,17,18,31,20,12,7,17,34,19,3,4,3,5,25,16,32,38,0,3,12,13,8,10,3,28,15,36,8,2,4,17,18,31,20,12,0
16,5,45,19,34,3,4,5,11,7,21,40,1,0,0,2,1,0,0,3,0,4,1,0,0,2,0,1,3,0,4,0,3,5,6,7,21,23,0,8,1,9,5,25,8,3,12,13,8,10,3,14,15,7,8,2,4,17,18,31,20,12,3,5,25,7,21,23,3,5,25,36,3,27,0,0,10,11,4,27,9,21,26,23,25,14,10,33,18,24,28,6,1
16,5,10,19,7,8,31,14,11,12,3,13,1,0,0,2,6,0,0,1,0,6,1,0,0,2,0,6,5,0,0,6,3,5,6,7,3,4,0,8,1,9,5,25,5,21,44,23,4,27,3,28,15,7,4,27,4,17,18,31,20,12,3,5,25,7,18,17,3,5,25,36,3,27,5,21,44,23,12,13,3,14,15,16,2,8,4,17,18,19,20,12,1
15,0,5,11,2,8,9,0,1,57,3,4,0,1,0,2,0,1,3,0,6,0,0,1,2,0,5,0,0,3,0,6,3,5,25,36,19,18,3,5,25,7,3,27,8,3,12,13,8,10,3,28,15,16,4,27,0,8,29,9,30,13,0,0,1,2,3,4,1,5,25,36,8,9,8,20,4,27,0,10,3,14,15,16,8,2,4,33,18,19,20,12,1
15,0,14,9,2,8,24,18,1,25,3,13,0,1,2,0,1,0,0,5,0,4,0,1,0,2,0,1,3,0,6,0,3,14,6,7,18,24,3,5,6,36,8,9,8,20,12,13,0,10,3,28,15,16,4,39,10,33,18,24,26,41,7,40,18,24,3,4,1,5,25,7,8,9,8,20,12,13,17,18,3,14,15,16,8,2,4,17,18,31,20,4,1
12,14,56,1,51,58,4,28,59,12,3,13,0,1,2,0,0,1,0,3,6,0,1,0,0,2,0,1,3,0,0,6,15,14,25,16,4,13,1,5,25,36,8,9,4,17,18,19,13,12,9,21,22,23,28,15,4,17,18,31,20,12,7,17,34,19,3,4,3,5,6,7,3,27,5,21,22,23,3,12,3,14,15,16,8,2,4,33,18,31,20,4,1
14,12,10,19,47,35,24,60,1,57,8,38,1,0,0,2,0,1,1,0,0,3,0,1,2,0,0,1,0,5,4,3,3,5,6,7,3,4,0,8,1,9,5,25,6,0,10,11,21,23,13,14,25,16,4,39,10,17,18,19,8,10,7,40,18,19,4,13,1,5,25,36,8,9,5,3,12,13,8,10,3,28,15,16,0,10,2,0,1,2,28,16,0
9,7,10,19,29,8,9,43,1,47,3,4,0,1,6,0,0,1,3,0,0,6,6,1,0,2,0,1,3,0,0,4,3,5,25,7,3,4,15,5,25,36,8,1,5,32,44,23,12,13,3,28,15,16,4,27,0,8,29,9,30,13,3,5,6,7,4,13,1,5,6,36,8,9,6,0,10,11,21,23,3,14,15,16,8,2,4,33,18,19,20,12,0
7,9,28,1,50,3,13,45,29,9,8,42,1,0,0,2,0,1,3,0,0,6,0,1,2,0,0,1,3,0,0,6,7,17,18,19,3,4,1,5,6,36,8,9,15,14,15,16,3,4,3,14,15,16,8,2,4,33,18,19,20,12,3,5,6,7,21,23,11,32,26,23,3,43,15,5,6,7,34,17,3,28,15,36,4,27,4,17,18,31,4,30,0
9,7,28,61,33,3,34,56,1,12,8,31,0,1,2,0,0,1,5,0,0,3,1,0,0,2,0,1,3,0,0,6,7,3,4,39,19,35,3,5,6,36,8,1,15,28,6,36,34,19,3,28,15,36,8,2,4,30,12,27,8,29,15,14,25,16,4,3,1,5,6,36,8,9,9,21,44,23,0,10,3,28,15,16,4,27,4,33,18,31,20,12,0
6,8,10,11,25,3,13,14,61,7,21,9,1,0,0,2,1,0,0,3,4,0,0,1,2,0,0,1,0,3,0,6,3,5,6,7,18,19,3,5,6,36,32,38,8,20,12,13,18,17,3,14,15,16,8,2,4,33,18,31,12,20,3,5,6,7,17,18,3,5,6,36,8,9,0,0,10,11,13,4,9,21,26,23,14,25,0,8,29,9,30,12,1
8,6,45,29,5,3,13,28,19,34,8,9,0,1,2,0,0,3,0,5,0,6,1,0,0,2,1,0,0,3,6,0,3,5,6,7,40,19,11,32,26,23,3,43,3,5,25,7,18,24,3,14,15,16,8,2,4,17,18,31,20,12,7,17,18,19,3,4,0,8,29,9,5,25,0,3,12,27,8,10,3,28,15,16,4,27,0,8,29,9,12,30,0
2,10,18,19,34,35,4,28,11,33,8,38,1,0,0,2,0,1,3,0,6,0,1,0,0,2,1,0,5,0,4,3,3,5,25,7,3,4,0,8,1,9,25,36,8,3,12,13,8,10,13,14,25,16,39,4,4,17,18,31,20,12,7,17,18,19,3,4,3,5,6,7,3,27,3,28,6,36,21,23,3,28,15,36,27,4,2,0,10,11,28,16,0
10,2,5,1,46,8,38,28,19,7,3,31,1,0,0,2,0,1,5,0,3,4,1,0,0,2,1,0,3,0,0,6,3,5,6,7,21,23,1,5,25,36,26,38,3,28,6,7,4,13,3,28,15,36,4,27,6,0,10,11,28,16,7,17,18,19,3,4,0,8,1,9,25,36,0,0,10,11,4,27,3,28,15,36,2,8,4,17,18,31,30,12,1
5,12,56,11,47,3,13,28,61,49,8,38,1,0,0,2,0,1,3,0,0,6,0,1,2,0,0,1,0,1,4,3,15,14,25,16,4,3,3,5,25,7,3,27,6,0,10,2,21,23,3,14,15,36,2,8,4,17,18,19,20,4,7,17,35,19,3,4,3,5,25,36,8,9,15,28,6,36,34,19,3,28,15,16,0,10,2,0,1,2,28,16,1
5,12,10,1,12,3,4,45,11,57,8,31,1,0,0,2,0,6,5,0,0,6,0,1,2,0,0,1,0,3,6,0,3,5,25,7,4,3,1,5,25,7,8,9,5,21,44,23,12,13,3,14,15,36,2,8,4,17,18,19,20,12,3,5,25,7,18,24,3,5,25,36,3,43,15,3,12,13,0,10,3,28,15,16,0,10,4,17,18,31,20,12,0
5,12,28,11,2,62,13,10,1,46,58,4,1,0,0,2,0,6,3,0,0,6,0,1,2,0,0,1,0,3,6,0,7,17,18,19,4,3,3,5,25,7,3,27,2,0,10,11,12,13,15,28,15,36,1,2,4,17,18,19,20,12,3,5,25,7,4,13,1,5,6,36,8,9,3,28,6,7,13,4,9,21,22,23,28,15,4,17,18,31,20,12,0
13,15,28,11,47,8,31,0,61,57,3,13,1,0,2,0,0,1,3,0,0,6,0,1,2,0,1,0,0,3,0,6,8,45,45,45,45,45,8,45,45,45,45,45,8,45,45,45,45,45,8,45,45,45,45,45,8,45,45,45,45,45,8,45,45,45,45,45,8,45,45,45,45,45,8,45,45,45,45,45,8,45,45,45,45,45,8,45,45,45,45,45,0
15,13,55,11,25,3,13,14,61,2,8,9,0,5,2,0,1,0,0,5,0,6,1,0,2,0,1,0,3,0,0,6,8,45,45,45,45,45,8,45,45,45,45,45,8,45,45,45,45,45,8,45,45,45,45,45,8,45,45,45,45,45,8,45,45,45,45,45,8,45,45,45,45,45,8,45,45,45,45,45,8,45,45,45,45,45,8,45,45,45,45,45,1
0,16,10,1,33,3,63,14,11,7,8,38,0,1,0,2,0,1,5,0,3,0,1,0,2,0,1,0,0,1,4,3,3,5,25,7,18,19,1,5,25,7,9,8,15,28,6,36,34,19,3,14,15,16,2,8,2,8,1,2,4,27,3,5,25,7,18,17,3,28,6,36,3,27,0,0,10,11,4,27,3,28,15,16,4,27,2,0,10,11,28,16,0
16,0,43,1,29,58,4,10,6,7,3,24,6,1,2,0,1,0,0,3,0,6,0,1,0,2,0,1,3,0,4,0,3,5,6,7,4,13,1,5,6,36,8,29,5,32,26,23,12,13,9,21,44,23,28,15,4,17,18,31,20,12,3,5,25,36,4,13,3,5,25,7,26,23,0,0,1,11,4,13,3,14,15,16,2,8,10,33,18,24,26,38,0
0,16,46,61,7,3,13,28,6,34,8,4,0,1,0,2,0,5,3,0,6,0,1,0,2,0,1,0,0,3,0,4,3,5,6,36,4,13,3,5,25,7,26,23,6,0,1,11,4,13,3,14,15,16,8,2,4,17,18,31,20,4,3,3,4,27,17,19,3,5,6,36,26,38,0,3,12,13,8,10,3,28,15,7,4,27,4,17,18,31,20,12,0
7,3,17,1,2,8,24,14,11,7,3,4,1,0,0,2,0,5,1,0,0,3,0,1,0,2,5,0,3,0,6,0,7,17,18,19,6,28,1,5,6,36,8,9,5,21,44,23,13,12,3,28,15,16,4,27,10,33,18,31,26,41,3,5,6,7,17,34,3,5,25,7,3,27,0,0,10,11,4,27,3,14,15,16,8,2,4,17,18,31,20,12,1
3,7,45,19,7,35,13,14,36,12,3,42,0,1,0,2,6,0,3,0,6,0,1,0,0,2,0,6,5,0,0,6,3,5,6,7,18,24,0,8,1,9,5,25,5,21,22,23,4,27,13,28,25,16,8,2,4,17,18,31,20,12,3,5,6,7,21,41,3,5,25,7,8,9,5,21,44,23,13,4,3,14,15,16,8,2,4,17,18,31,30,12,1
7,3,45,1,12,3,38,14,15,9,8,13,1,0,0,2,0,1,5,0,4,3,0,1,0,2,7,0,1,0,6,0,3,5,6,7,18,19,1,5,6,36,8,9,5,21,44,23,0,10,3,14,15,16,8,2,2,0,10,2,16,28,3,5,25,7,17,34,5,32,26,23,20,27,0,8,29,9,17,34,3,28,15,16,4,27,4,17,34,31,20,4,0
4,14,28,1,57,35,9,45,19,25,3,13,0,1,2,0,0,5,0,3,6,0,1,0,0,2,0,1,5,0,0,6,7,17,34,19,3,4,1,5,6,36,8,9,8,3,12,27,0,10,13,28,15,36,3,39,0,8,29,9,30,43,3,5,6,7,34,24,0,8,1,9,5,25,8,20,12,13,8,10,3,14,15,16,8,2,4,17,18,31,20,4,0
14,4,14,19,47,35,37,10,61,57,21,4,1,0,0,2,0,1,3,0,0,4,0,1,2,0,0,1,0,3,6,0,3,5,25,7,18,24,0,8,1,9,5,25,6,0,10,11,13,4,13,14,25,16,4,39,10,33,18,19,20,12,3,5,25,7,3,4,9,37,26,38,8,9,0,0,10,11,4,13,9,21,26,41,5,25,4,17,18,31,20,12,0
4,14,14,15,46,21,40,39,19,25,3,13,0,1,2,0,0,1,0,3,6,0,1,0,0,2,0,1,3,0,0,6,3,5,25,7,18,24,0,8,1,9,5,25,6,0,10,11,13,4,13,14,25,16,4,39,10,33,18,19,20,12,3,5,25,7,3,4,9,37,26,38,8,9,0,0,10,11,4,13,9,21,26,41,5,25,4,17,18,31,20,12,1
1,9,56,1,2,3,31,28,29,9,8,64,0,1,0,2,0,6,0,5,6,0,0,1,2,0,0,1,5,0,0,6,15,14,6,16,4,13,1,5,6,7,8,9,2,8,10,11,12,13,3,14,15,16,1,8,4,17,18,19,20,12,7,17,35,19,3,4,11,32,26,23,43,3,15,5,6,36,17,34,3,28,15,36,4,27,4,40,18,24,37,41,0
9,1,28,19,34,35,37,56,36,12,3,13,0,1,2,0,0,1,3,0,0,4,0,1,0,2,0,1,0,3,6,0,7,17,35,19,3,4,0,8,1,9,5,25,2,3,12,27,8,10,13,28,25,36,3,39,10,17,18,31,12,39,15,14,6,16,4,13,3,5,25,7,8,9,5,21,26,23,0,10,3,14,15,16,1,8,4,17,34,19,20,12,1
6,11,45,36,34,35,37,28,19,50,16,10,1,0,0,2,1,0,0,3,4,0,0,1,2,0,1,0,0,3,0,1,3,5,25,7,34,24,3,5,25,7,8,9,8,3,12,27,8,10,13,28,25,16,3,39,10,33,18,19,27,12,7,17,34,19,3,4,0,8,1,9,5,25,13,28,15,16,1,2,12,3,4,39,28,25,3,5,6,7,34,19,0
11,6,56,19,9,16,17,28,41,34,35,4,0,1,2,0,1,0,0,3,0,1,1,0,0,2,1,0,0,5,6,0,15,14,6,16,3,4,0,8,1,9,5,25,4,17,18,19,5,6,12,3,4,39,28,25,4,17,18,31,28,6,7,17,34,19,4,39,3,5,25,7,8,9,13,3,12,27,8,10,13,28,25,16,3,39,4,40,34,31,12,20,0
6,11,10,1,54,35,31,45,11,44,3,4,1,0,0,2,3,0,0,3,6,0,0,1,2,0,1,0,0,5,0,6,3,5,25,7,3,4,1,5,6,36,8,9,6,8,1,11,21,23,13,28,25,16,3,39,4,17,18,31,12,20,3,5,6,7,18,19,3,5,6,7,3,27,13,3,12,27,8,1,3,14,15,16,8,2,4,33,18,31,20,12,0
5,2,45,11,47,21,9,10,65,7,3,13,1,0,0,2,0,1,3,0,0,6,0,1,0,2,0,1,0,3,6,0,3,5,25,7,18,19,3,5,6,7,3,27,9,21,44,23,0,10,9,21,26,23,25,14,0,8,29,9,30,13,3,5,25,7,4,27,4,33,18,24,26,23,6,0,1,11,4,13,3,14,15,16,8,2,4,17,18,31,20,12,1
5,2,14,11,2,3,63,10,36,7,8,38,1,0,0,2,0,3,4,0,0,6,0,1,0,2,0,5,0,5,3,4,3,5,25,7,17,18,3,5,25,7,3,27,9,3,12,13,8,10,3,14,15,36,2,8,2,8,10,11,3,4,3,5,25,7,3,4,3,5,25,36,3,39,0,0,1,11,4,13,3,28,15,16,4,27,6,0,10,11,28,16,1
13,0,0,61,7,58,9,14,6,12,35,24,1,0,2,0,6,0,3,0,0,6,0,1,0,2,0,6,3,0,4,0,3,28,6,7,3,4,3,5,6,7,8,9,5,21,44,23,4,13,9,21,44,41,28,15,0,8,29,9,30,43,1,5,25,36,18,24,3,5,25,7,26,23,5,21,26,23,13,4,13,28,25,16,39,4,10,33,18,24,26,38,0
0,13,28,11,34,58,4,9,1,7,35,13,0,1,0,2,0,1,5,0,6,0,1,0,2,0,1,0,3,0,0,6,7,17,18,19,3,4,3,5,6,7,3,27,0,8,29,9,34,31,9,21,22,23,28,15,4,40,18,31,20,12,3,5,6,7,34,19,1,5,6,36,8,9,0,0,10,2,12,27,13,28,25,16,8,2,4,17,18,31,20,12,1
16,15,18,36,25,8,38,0,11,57,3,13,1,0,0,2,1,0,0,5,4,3,0,1,2,0,1,0,0,5,0,6,6,0,10,11,3,4,3,5,25,7,3,39,8,20,12,13,8,10,3,28,15,7,4,27,2,0,10,11,28,16,0,0,1,2,3,4,3,5,25,36,3,27,8,20,4,27,0,10,3,14,15,16,8,2,4,33,18,19,20,4,1
16,15,28,36,34,21,9,0,11,7,3,4,1,0,0,2,1,0,0,3,0,6,0,1,2,0,1,0,0,5,0,4,6,3,4,27,19,34,3,5,25,7,3,39,8,3,12,13,8,10,9,21,44,23,4,20,0,8,29,9,12,30,0,0,1,2,3,4,3,5,25,36,3,27,0,0,10,2,4,27,3,14,15,16,8,2,4,33,18,19,20,12,0
15,16,56,36,12,3,4,28,61,2,8,38,0,1,2,0,6,0,0,5,0,4,1,0,0,2,6,0,0,1,4,3,15,14,25,16,3,4,3,5,25,7,8,9,5,21,44,23,0,10,3,14,15,16,8,2,4,33,18,19,20,12,0,3,4,27,17,19,3,5,6,7,8,9,5,21,44,23,4,13,3,28,15,7,27,4,2,0,10,11,28,16,1
8,3,60,1,46,3,13,28,19,34,8,24,0,1,2,0,0,1,0,3,0,6,0,1,0,2,1,0,3,0,4,0,8,45,45,45,45,45,8,45,45,45,45,45,8,45,45,45,45,45,8,45,45,45,45,45,8,45,45,45,45,45,8,45,45,45,45,45,8,45,45,45,45,45,8,45,45,45,45,45,8,45,45,45,45,45,8,45,45,45,45,45,0
3,8,14,15,9,21,31,28,36,12,3,4,0,1,0,2,3,0,3,0,6,0,0,1,2,0,1,0,0,5,0,4,8,45,45,45,45,45,8,45,45,45,45,45,8,45,45,45,45,45,3,14,15,16,8,2,8,45,45,45,45,45,7,17,18,19,3,4,8,45,45,45,45,45,8,45,45,45,45,45,8,45,45,45,45,45,8,45,45,45,45,45,1
4,9,10,11,12,3,31,28,19,44,8,24,0,1,2,0,0,1,0,3,6,0,0,1,2,0,0,1,5,0,0,3,3,5,25,7,3,4,3,5,25,7,3,27,5,21,26,23,0,10,3,28,15,36,8,2,4,17,18,31,12,20,7,17,35,19,3,4,0,8,1,9,5,25,8,3,12,27,0,10,3,28,15,36,4,27,10,33,18,24,20,4,1
9,4,10,11,54,3,13,45,19,2,21,4,0,1,2,0,0,5,3,0,0,6,0,1,2,0,0,6,0,3,6,0,3,5,25,7,3,4,3,5,25,36,8,1,6,8,29,11,21,41,3,28,15,36,8,2,4,17,18,31,20,4,3,5,25,7,18,19,0,8,1,9,5,25,8,3,12,27,8,10,9,21,26,41,5,25,4,17,18,31,12,20,1
4,9,28,11,50,3,4,10,19,34,8,40,0,1,2,0,0,1,0,3,6,0,0,1,2,0,0,3,3,0,0,4,7,17,18,19,4,27,3,5,25,7,3,27,3,28,15,36,3,4,3,28,15,16,8,2,4,17,18,31,12,20,3,5,25,7,3,4,5,32,26,23,8,1,8,20,12,13,8,10,3,28,15,36,4,27,10,17,18,24,28,6,1
2,14,28,1,47,21,13,66,11,50,3,31,0,1,0,2,0,1,0,5,6,0,1,0,0,2,0,1,3,0,0,6,7,17,34,19,4,27,1,5,25,36,26,38,6,0,10,11,3,4,9,21,22,23,14,25,4,17,18,31,20,12,1,28,6,7,3,4,3,5,25,7,3,27,15,28,25,16,3,4,3,14,15,16,8,2,4,33,18,19,20,12,0
2,14,28,11,50,8,13,10,19,46,3,24,0,1,0,2,0,1,0,1,4,0,1,0,6,2,0,1,3,0,0,4,7,17,18,19,4,27,3,5,25,36,21,23,13,14,15,36,3,12,3,28,15,16,4,27,4,17,18,31,20,12,3,5,25,7,3,4,0,8,1,9,5,25,3,28,25,7,4,13,3,14,15,16,8,2,10,17,18,19,26,38,0
15,10,5,1,44,8,38,28,41,34,3,24,0,1,2,0,1,0,0,5,4,3,1,0,0,2,1,0,3,0,0,4,3,5,6,7,21,23,1,5,25,36,8,9,8,3,12,13,0,10,3,28,15,16,4,27,2,0,10,2,28,16,7,17,18,19,3,4,3,5,25,7,32,38,8,3,12,13,8,10,3,28,15,36,8,2,10,33,18,24,26,38,0
10,15,14,1,44,8,38,39,11,51,3,13,1,0,0,2,1,0,5,0,4,3,0,1,2,0,1,0,0,3,0,6,3,5,6,7,34,24,1,5,6,7,8,9,8,3,12,13,8,10,3,28,15,36,4,27,2,0,10,11,28,16,7,17,18,19,4,13,3,5,25,36,3,27,4,17,18,24,4,13,3,14,15,16,8,2,4,33,18,19,20,4,0
15,10,55,1,2,8,24,14,15,34,3,4,0,5,2,0,5,0,0,1,0,4,1,0,0,2,1,0,3,0,0,6,1,14,25,16,8,1,1,5,25,36,8,9,8,20,12,13,0,10,3,28,15,16,4,27,10,33,18,19,26,41,1,5,25,7,34,24,5,32,26,23,8,9,4,3,12,13,10,8,3,28,15,36,8,2,4,40,18,31,20,12,0
5,1,56,36,46,8,38,28,19,25,3,13,1,0,0,2,0,1,5,0,4,3,0,1,0,2,0,1,0,3,6,0,15,14,25,16,3,4,3,5,25,7,3,39,3,28,6,7,3,13,3,28,15,36,0,2,6,0,10,2,28,16,8,3,4,27,8,10,0,8,1,9,5,25,8,20,12,13,8,10,3,14,15,16,2,8,4,17,18,19,20,12,1
5,1,67,11,7,58,13,66,6,34,8,4,1,0,0,2,0,1,3,0,0,6,0,1,0,2,0,1,0,3,6,0,3,5,25,7,3,4,3,5,25,7,3,27,0,0,10,11,20,27,9,21,26,23,28,15,4,17,18,19,20,12,7,40,18,19,3,4,3,5,6,7,20,27,0,8,10,11,34,19,3,28,15,36,3,4,4,17,18,19,20,12,1
7,12,0,19,34,58,9,14,1,68,8,38,1,0,0,2,0,1,3,0,0,6,0,1,2,0,0,1,0,5,4,3,3,28,6,7,3,4,0,8,1,9,5,25,0,8,29,9,34,31,9,21,26,41,28,15,8,30,12,13,8,29,1,5,6,7,34,17,1,5,25,36,8,9,12,3,12,27,37,42,3,28,15,36,0,10,2,0,1,2,28,16,0
7,12,10,1,47,58,4,45,11,57,8,38,1,0,0,2,0,1,3,0,0,6,0,1,2,0,0,1,0,8,4,3,3,5,25,7,3,4,1,5,25,36,8,9,6,0,10,11,21,23,9,21,26,41,28,15,4,40,34,19,20,12,3,5,25,7,24,18,3,5,25,36,3,43,0,0,10,11,4,27,3,28,15,16,0,10,2,0,1,2,28,16,0
3,4,28,19,2,35,13,10,11,46,8,4,0,1,0,2,6,0,3,0,4,0,0,1,2,0,0,1,0,3,6,0,7,17,18,19,3,4,0,8,1,9,5,25,8,3,12,13,0,10,13,28,25,16,4,39,4,17,18,31,20,4,3,5,25,7,3,4,3,5,6,7,3,27,3,28,6,7,4,13,3,28,15,36,4,27,4,17,18,31,20,12,1
4,3,28,19,25,8,38,56,1,69,3,13,1,0,2,0,0,1,0,5,4,3,0,1,0,2,1,0,3,0,6,0,7,17,34,19,3,4,0,8,1,9,5,25,8,20,12,13,17,18,3,28,15,36,4,27,2,0,1,2,28,16,15,14,25,16,4,13,0,8,29,9,5,25,4,17,35,24,28,6,3,14,15,16,8,2,4,17,18,31,20,4,0
15,11,46,19,57,8,4,28,1,54,3,13,0,1,2,0,1,0,0,1,0,4,0,1,2,0,3,0,0,3,0,4,3,28,6,7,3,4,0,8,1,9,25,5,0,0,10,2,4,27,3,28,15,16,3,4,4,33,18,19,20,12,7,17,18,31,3,4,1,5,25,7,8,9,6,8,29,2,21,23,3,28,15,36,8,2,4,17,18,31,20,12,0
11,15,45,36,63,58,9,21,11,25,35,31,0,1,2,0,1,0,0,5,0,6,0,1,2,0,1,0,0,3,0,6,3,28,6,7,3,4,0,8,1,9,25,5,0,0,10,2,4,27,3,28,15,16,3,4,4,33,18,19,20,12,7,17,18,31,3,4,1,5,25,7,8,9,6,8,29,2,21,23,3,28,15,36,8,2,4,17,18,31,20,12,0
6,13,14,19,25,35,31,10,11,7,8,4,1,0,0,2,1,0,0,3,4,0,1,0,2,0,5,0,5,0,0,6,3,5,25,7,18,24,0,8,29,9,5,25,8,20,12,13,18,17,13,28,25,16,3,39,4,17,18,31,20,12,3,5,6,7,3,4,3,5,6,7,3,27,0,0,10,2,27,3,3,28,15,16,0,2,4,33,18,31,20,12,1
13,6,14,19,44,58,24,28,11,25,35,13,1,0,2,0,1,0,3,0,0,4,1,0,0,2,1,0,0,3,6,0,3,5,6,7,17,35,15,5,25,36,8,9,2,0,10,2,12,27,9,21,44,23,28,15,10,33,18,24,26,38,7,17,18,19,4,39,3,5,6,36,32,38,0,20,12,13,8,10,13,28,25,36,3,39,4,17,18,31,12,27,0
16,12,18,11,7,16,17,0,61,29,3,38,1,0,2,0,1,0,3,0,0,1,0,1,2,0,0,1,0,5,4,3,6,0,10,11,4,13,3,5,6,36,3,27,0,0,10,11,4,27,12,3,4,39,28,25,4,17,34,19,28,6,3,28,15,36,4,13,3,5,6,36,9,8,5,32,26,23,13,12,3,14,15,16,8,2,2,0,1,2,28,16,1
12,16,70,1,57,58,4,14,15,34,3,31,0,1,2,0,0,1,0,5,4,0,1,0,2,0,1,0,3,0,0,6,6,20,12,27,21,23,1,5,6,36,9,8,0,3,12,27,28,6,9,21,22,23,28,15,4,17,18,31,20,12,1,5,6,7,34,19,3,28,6,36,23,26,5,3,12,13,8,10,3,14,15,16,8,2,4,17,18,31,20,12,1
16,12,28,11,47,3,13,56,36,7,58,4,1,0,2,0,1,0,3,0,0,4,0,1,2,0,0,1,0,3,6,0,6,3,4,27,35,19,3,5,6,36,3,27,13,28,25,36,0,10,3,14,15,16,8,2,4,17,18,31,20,12,15,14,25,16,4,13,3,5,25,36,3,39,0,0,10,11,4,27,9,21,22,23,28,15,4,17,18,31,20,12,0
11,9,28,19,57,21,9,66,11,34,8,4,0,1,2,0,5,0,0,3,0,6,0,1,2,0,0,1,3,0,0,4,7,17,34,31,3,4,0,8,10,9,5,25,0,0,10,2,3,4,9,21,26,23,25,16,0,8,29,9,30,43,3,5,25,7,34,24,3,5,25,36,3,27,8,20,12,13,8,10,3,28,15,16,4,27,4,17,18,31,20,12,1
9,11,66,6,34,8,37,45,11,33,3,31,0,1,2,0,0,1,3,0,0,4,0,1,2,0,1,0,0,3,0,6,3,5,25,7,34,24,3,5,6,36,26,23,0,20,12,27,8,10,3,28,15,36,4,27,10,33,18,19,20,12,3,5,6,7,21,23,3,5,6,7,3,27,15,28,6,36,21,41,3,14,15,16,8,2,4,17,34,31,20,12,0
8,1,14,19,34,16,37,66,1,2,21,40,0,1,2,0,1,0,0,3,0,4,0,1,0,2,0,1,0,5,3,0,3,5,6,7,34,17,0,8,1,9,25,5,8,20,12,27,8,10,12,3,4,39,28,16,10,33,18,31,12,39,7,40,34,31,28,6,0,8,10,9,5,25,8,3,12,13,8,10,9,21,22,23,16,25,4,17,18,24,28,6,0
1,8,45,6,2,21,13,14,66,12,3,31,0,1,0,2,0,5,0,5,4,0,0,1,2,0,1,0,0,3,0,6,3,5,6,7,34,31,3,5,6,7,26,38,2,8,10,11,12,13,9,21,22,23,16,25,4,17,18,19,20,12,3,5,6,7,17,18,3,5,6,7,26,41,5,21,22,23,0,10,3,14,15,36,8,2,4,17,18,31,20,12,0
8,1,56,15,9,35,31,28,19,2,8,4,0,1,2,0,3,0,0,3,0,6,0,1,0,2,0,1,0,5,6,0,15,14,25,36,3,4,5,32,26,23,3,27,0,8,29,9,34,31,13,28,25,16,3,39,4,17,18,31,20,12,7,17,34,31,3,4,0,8,1,9,5,25,5,20,12,13,8,10,3,28,15,16,4,27,4,17,18,19,20,12,1
14,13,66,15,71,8,31,9,19,44,21,4,1,0,0,2,0,6,3,0,0,6,1,0,2,0,1,0,5,0,0,6,7,40,18,19,3,4,5,32,26,23,8,9,5,32,26,23,12,13,3,28,15,16,4,27,4,17,18,19,20,12,3,5,15,7,35,31,0,8,1,9,5,25,2,0,10,2,12,27,9,21,44,41,28,25,4,33,18,31,20,12,1
14,13,45,41,46,21,40,39,19,47,35,13,1,0,0,2,0,1,5,0,0,3,1,0,2,6,1,0,3,0,0,6,3,5,25,7,34,31,3,5,15,36,8,9,3,28,6,7,4,13,9,21,26,41,20,4,10,17,18,24,28,6,7,17,34,19,4,13,0,8,1,9,5,25,6,0,10,11,21,23,13,28,25,16,4,39,4,17,18,31,12,27,0
13,14,66,9,2,21,42,10,11,50,3,24,1,0,2,0,6,0,3,0,0,6,1,0,0,2,0,5,3,0,0,4,3,5,6,7,18,24,0,8,29,9,30,27,5,21,44,23,4,13,9,21,44,41,28,25,10,17,18,31,30,12,3,5,6,7,3,4,3,5,6,7,3,27,15,28,15,16,3,4,3,14,15,16,8,2,10,17,18,19,26,38,0
16,2,28,11,12,8,4,45,61,47,3,13,1,0,2,0,1,0,3,0,0,4,0,1,0,2,0,1,0,3,6,0,7,17,35,19,3,4,3,5,6,36,3,27,5,21,44,23,0,10,3,28,15,16,4,27,4,17,18,31,20,12,3,5,25,7,34,24,3,5,25,36,8,1,5,21,44,23,4,13,3,14,15,16,8,2,4,33,18,31,20,4,0
2,16,66,61,53,3,13,28,11,47,8,4,0,1,0,2,0,1,0,3,6,0,1,0,2,0,1,0,3,0,0,4,1,5,25,7,4,3,3,5,25,36,8,1,2,0,10,11,12,13,3,14,15,16,8,2,4,33,18,31,20,4,7,17,35,19,3,4,3,5,6,36,3,27,6,0,10,11,37,23,3,28,15,16,4,27,4,17,18,31,20,12,1
3,11,14,15,69,35,31,10,19,44,8,26,0,1,0,2,1,0,3,0,4,0,0,1,2,0,1,0,0,5,0,4,3,5,25,7,17,18,5,32,26,23,20,27,4,17,35,24,28,6,13,28,25,16,4,39,4,17,18,31,20,4,3,5,6,7,34,31,0,8,10,9,5,6,8,3,12,27,28,6,3,28,15,16,27,4,10,33,18,31,20,12,1
11,3,46,1,57,35,13,28,19,2,8,31,0,1,2,0,5,0,0,5,0,4,0,1,0,2,6,0,5,0,4,0,3,28,6,7,3,4,1,5,6,36,8,9,0,0,10,2,3,4,13,28,25,16,39,4,4,17,18,31,20,12,7,17,34,19,3,4,0,8,1,9,5,25,8,20,12,13,8,10,3,28,15,16,4,27,4,17,34,31,20,12,1
3,11,10,1,7,8,24,66,19,54,35,4,0,1,0,2,1,0,5,0,4,0,0,1,2,0,3,0,0,3,0,6,3,5,15,7,3,4,0,8,29,9,5,25,0,0,10,2,4,27,3,28,15,16,4,27,10,17,18,31,26,38,1,5,6,7,18,24,0,8,10,9,5,25,6,8,29,9,21,23,13,28,25,16,39,4,4,17,18,31,20,12,0
7,1,28,1,2,21,4,66,19,57,3,31,1,0,0,2,0,3,5,0,0,6,0,1,0,2,0,5,0,3,6,0,7,17,34,19,4,27,1,5,6,36,8,9,5,21,44,23,13,12,9,21,26,23,25,16,4,40,18,31,20,12,7,40,34,31,21,23,0,8,1,9,5,25,0,0,10,11,21,23,3,14,15,16,2,8,4,33,18,31,20,4,1
1,7,14,72,7,3,13,66,1,2,8,31,0,1,0,2,0,5,0,5,6,0,1,0,0,2,0,5,1,0,0,4,3,5,6,7,34,31,14,32,26,42,20,27,0,0,10,11,4,27,3,14,15,16,8,1,4,33,18,31,20,4,1,5,6,7,18,40,1,5,6,36,8,9,5,21,44,23,13,12,3,28,15,16,4,27,4,17,18,31,20,12,0
6,4,28,19,54,8,44,14,15,7,16,30,1,0,0,2,3,0,0,5,4,0,0,1,2,0,0,1,0,3,6,0,7,17,18,19,3,4,0,8,29,9,5,25,6,8,29,9,21,23,3,28,15,36,4,27,6,0,10,11,4,27,3,5,25,7,17,34,5,32,26,23,3,27,0,0,10,2,27,4,12,3,4,39,28,25,1,28,6,36,32,26,0
4,6,45,6,25,35,13,14,1,44,3,4,0,1,2,0,0,1,0,3,6,0,1,0,0,2,1,0,0,5,4,0,3,5,6,7,18,19,3,5,25,36,26,38,6,20,12,13,10,8,13,28,25,36,4,39,4,17,18,31,20,12,3,5,6,7,18,31,1,5,6,36,8,9,0,3,12,13,0,10,3,14,15,16,8,2,4,40,18,31,20,12,0
6,4,28,19,7,8,72,14,15,47,16,9,1,0,0,2,1,0,0,5,4,0,0,1,2,0,0,1,0,3,6,0,7,17,18,19,3,4,0,8,29,9,5,25,0,0,10,11,4,13,3,28,15,36,4,27,4,33,18,31,12,27,3,5,6,7,17,18,5,32,26,23,3,27,6,0,10,2,28,25,12,3,4,39,28,25,4,17,18,19,6,36,1
15,2,66,36,34,58,13,10,11,47,35,26,0,1,2,0,1,0,0,5,4,0,0,1,0,2,0,1,0,5,0,3,7,40,18,19,3,4,3,5,25,7,8,9,8,3,12,27,8,29,9,21,26,23,28,15,4,17,18,31,20,4,3,5,25,7,4,27,3,5,25,36,21,23,13,28,6,36,0,10,13,14,25,16,4,39,10,33,18,31,20,12,0
2,15,66,61,50,23,13,73,11,47,3,4,0,1,0,2,0,1,0,3,0,6,0,1,2,0,1,0,0,3,4,0,1,5,6,7,34,24,3,5,25,36,8,1,15,14,15,36,3,4,1,14,15,36,8,1,4,33,18,31,20,12,15,14,25,16,21,23,3,5,25,36,3,27,6,0,10,11,21,23,3,14,15,16,8,2,4,33,18,31,20,12,0
15,2,73,61,47,58,4,66,11,20,35,26,0,1,2,0,1,0,0,5,0,4,0,1,0,2,0,3,0,3,0,4,15,14,6,16,31,18,3,5,25,36,8,9,6,0,10,11,21,23,9,21,22,23,28,15,10,33,18,19,20,12,1,5,6,7,34,24,3,5,25,36,21,23,3,28,6,7,4,13,13,14,25,16,4,39,10,33,18,31,20,12,1
10,0,39,66,34,8,38,14,11,7,3,4,1,0,0,2,1,0,5,0,4,3,0,1,0,2,0,1,3,0,6,0,7,17,18,19,4,13,1,5,6,7,8,9,8,3,12,13,8,10,3,28,15,36,4,27,2,0,10,11,28,16,3,5,6,36,34,24,3,5,6,7,31,40,0,0,10,11,4,13,3,14,15,16,8,2,4,17,18,31,20,12,0
0,10,0,1,47,8,31,66,11,57,3,4,0,1,0,2,0,1,3,0,6,0,1,0,0,2,1,0,5,0,0,6,0,0,1,2,3,4,0,8,10,9,25,5,13,5,25,16,0,10,3,28,15,16,4,27,4,17,18,31,20,12,1,5,25,7,40,18,3,5,6,7,3,27,0,3,4,27,10,0,3,28,15,36,8,2,4,40,18,31,20,12,1
13,5,66,15,7,35,31,14,11,54,3,4,1,0,2,0,1,0,3,0,0,6,1,0,0,2,0,3,5,0,0,4,7,40,18,19,3,4,5,32,26,23,3,27,0,0,10,2,3,27,13,28,25,16,8,2,4,17,18,31,20,12,3,5,6,7,17,18,3,5,25,7,3,27,6,8,10,9,21,41,3,14,15,36,8,2,4,17,18,19,20,12,0
5,13,66,6,12,21,30,10,1,2,35,37,1,0,0,2,0,6,3,0,0,6,1,0,2,0,3,0,3,0,0,4,7,40,18,19,3,4,3,5,25,36,26,38,5,21,44,23,0,10,9,21,22,23,25,36,1,5,6,36,26,38,3,5,25,7,3,4,1,5,25,36,8,9,2,8,10,11,13,12,13,28,25,16,8,2,10,33,18,31,3,12,0
5,13,67,19,7,3,4,5,1,12,35,24,1,0,0,2,0,1,5,0,0,6,1,0,2,0,6,0,3,0,0,4,3,14,25,7,3,4,0,8,1,9,5,25,0,0,10,2,4,27,3,14,15,36,8,2,4,33,18,19,20,12,3,5,25,7,34,24,0,8,29,9,26,38,5,21,26,23,13,4,13,28,25,16,8,2,10,33,18,24,26,38,1
14,6,45,59,47,23,4,14,36,34,35,9,1,0,0,2,0,1,5,0,0,6,1,0,0,2,1,0,0,3,6,0,8,45,45,45,45,45,8,45,45,45,45,45,8,45,45,45,45,45,8,45,45,45,45,45,8,45,45,45,45,45,8,45,45,45,45,45,8,45,45,45,45,45,8,45,45,45,45,45,8,45,45,45,45,45,8,45,45,45,45,45,0
6,14,14,19,32,35,13,66,11,7,3,31,1,0,0,2,3,0,0,5,4,0,1,0,0,2,0,1,5,0,0,6,8,45,45,45,45,45,8,45,45,45,45,45,8,45,45,45,45,45,8,45,45,45,45,45,8,45,45,45,45,45,3,5,6,7,34,31,8,45,45,45,45,45,8,45,45,45,45,45,13,28,25,16,8,2,8,45,45,45,45,45,0
14,6,28,11,2,8,24,9,1,34,58,4,1,0,0,2,0,5,3,0,0,4,1,0,0,2,1,0,0,3,6,0,7,17,18,19,3,4,3,5,6,7,3,27,8,3,12,13,8,10,3,28,15,16,4,27,10,17,18,24,26,38,3,5,6,7,34,31,1,5,6,36,8,9,8,3,12,13,8,10,9,21,22,23,28,15,4,40,18,31,20,12,1
9,8,28,29,9,35,64,56,66,12,3,31,0,1,2,0,0,1,5,0,0,6,0,1,2,0,1,0,0,5,0,6,8,45,45,45,45,45,8,45,45,45,45,45,8,45,45,45,45,45,8,45,45,45,45,45,8,45,45,45,45,45,8,45,45,45,45,45,8,45,45,45,45,45,8,45,45,45,45,45,8,45,45,45,45,45,8,45,45,45,45,45,1
8,9,10,66,47,21,40,45,6,2,74,13,0,1,2,0,5,0,0,5,0,3,0,1,2,0,0,1,3,0,0,4,8,45,45,45,45,45,8,45,45,45,45,45,8,45,45,45,45,45,8,45,45,45,45,45,8,45,45,45,45,45,8,45,45,45,45,45,3,5,6,7,8,9,8,45,45,45,45,45,8,45,45,45,45,45,8,45,45,45,45,45,1
9,8,66,1,2,35,37,73,61,49,21,40,0,1,2,0,0,6,3,0,0,4,0,1,2,0,1,0,0,5,0,3,1,5,25,7,31,34,1,5,6,36,8,9,5,21,44,23,0,10,13,28,25,36,3,4,10,17,18,31,20,4,15,5,6,36,34,19,3,5,25,7,8,9,15,28,6,7,34,24,13,14,25,16,8,2,10,33,18,24,28,6,0
16,13,28,66,7,3,4,10,11,2,48,13,1,0,2,0,5,0,0,3,0,4,1,0,2,0,3,0,3,0,0,6,7,17,18,19,3,4,1,5,6,7,41,26,0,0,1,11,4,13,3,14,15,7,8,2,4,17,18,31,20,12,3,5,6,7,3,4,3,5,6,36,3,27,2,8,10,11,4,13,1,28,25,16,8,2,4,17,18,31,20,12,1
16,13,10,1,29,35,4,75,11,47,48,13,1,0,2,0,1,0,0,3,0,4,1,0,2,0,1,0,3,0,0,6,3,5,6,7,3,4,1,5,6,7,29,8,5,32,44,23,12,13,13,28,25,16,3,4,4,17,18,31,20,12,6,0,10,11,4,13,3,5,6,36,3,27,6,0,10,11,21,23,1,28,25,16,8,2,4,17,18,31,20,12,1
3,9,28,19,2,35,31,45,11,34,3,4,0,1,0,2,6,0,3,0,6,0,0,1,2,0,0,1,5,0,0,6,7,17,34,19,3,4,0,8,1,9,5,25,8,20,12,13,0,10,13,28,25,16,2,8,4,17,18,31,20,12,3,5,6,7,34,31,3,5,6,36,3,27,8,20,12,13,8,10,13,28,15,16,8,2,4,17,18,31,12,20,1
9,3,66,19,25,8,31,45,11,2,35,4,0,1,2,0,0,1,3,0,0,6,0,1,0,2,5,0,5,0,4,0,1,5,6,7,34,31,15,5,25,7,8,9,8,20,12,13,0,10,3,28,15,36,4,27,4,17,18,31,12,20,3,5,6,7,34,31,3,5,6,7,3,27,8,20,12,27,8,10,13,28,25,16,2,8,4,17,18,31,20,12,0
11,4,28,19,46,35,4,66,76,25,3,31,0,1,2,0,1,0,0,5,0,4,0,1,2,0,0,6,0,3,6,0,7,17,34,31,6,28,0,8,10,9,5,6,6,0,10,2,28,6,13,28,25,16,8,2,4,17,18,31,20,12,1,5,25,7,3,4,13,5,25,36,26,41,8,20,12,13,8,10,3,14,15,16,8,2,4,17,18,31,20,12,0
4,11,66,11,50,58,44,67,19,54,35,37,0,1,2,0,0,1,0,3,4,0,0,1,2,0,4,0,0,3,0,4,7,17,18,31,3,4,3,5,25,7,3,27,15,28,15,36,13,3,9,21,22,23,28,15,6,8,1,11,4,27,7,17,34,31,3,4,0,8,10,9,5,25,6,8,29,2,21,23,13,28,25,36,4,3,10,33,34,31,20,12,0
11,4,56,19,44,35,4,28,11,7,3,9,0,1,2,0,1,0,0,3,0,4,0,1,2,0,0,1,0,3,6,0,15,14,25,16,3,4,0,8,10,9,5,25,15,3,12,13,8,10,13,28,25,16,4,3,4,17,18,31,20,12,7,17,35,31,3,4,3,5,25,7,3,27,0,0,10,2,12,27,3,28,15,36,8,2,0,8,29,9,30,43,1
2,6,66,1,57,35,13,28,19,44,3,31,0,1,0,2,0,1,0,5,0,4,1,0,0,2,1,0,0,5,6,0,1,5,6,7,34,31,1,5,25,36,26,38,8,3,12,13,0,10,13,14,25,16,8,1,4,33,18,31,20,12,7,17,34,19,3,4,0,8,29,9,5,25,8,3,12,13,8,10,3,14,15,16,8,2,4,17,18,31,20,12,0
6,2,18,66,25,58,13,10,11,20,35,26,1,0,0,2,1,0,0,5,4,0,0,1,0,2,0,5,0,3,0,4,7,40,18,19,3,4,1,5,6,7,26,41,8,20,12,13,17,18,9,21,22,23,28,15,4,17,18,31,20,12,3,5,6,7,18,31,3,5,25,36,3,27,3,28,6,36,4,13,13,14,25,16,20,4,10,33,18,31,20,12,0
2,6,28,1,2,62,9,45,19,44,35,31,0,1,0,2,0,1,0,5,0,6,1,0,0,2,1,0,0,5,6,0,7,17,34,31,4,27,1,5,6,36,18,31,8,3,12,13,8,29,15,14,15,36,8,1,0,8,29,9,30,12,3,5,25,7,34,24,0,8,29,9,5,25,3,3,12,13,8,10,13,28,25,16,8,2,4,17,34,31,20,12,0
16,14,28,11,34,3,31,66,61,12,35,26,1,0,2,0,1,0,0,5,0,6,1,0,0,2,0,1,5,0,0,3,7,17,35,19,3,4,3,5,6,7,18,31,8,20,12,13,8,10,3,14,15,7,8,2,4,17,18,31,20,12,1,5,6,7,3,4,3,5,6,7,8,9,5,21,44,23,0,10,13,14,25,16,8,2,10,33,18,19,20,12,0
16,14,28,1,34,3,31,66,41,12,35,24,1,0,2,0,1,0,0,3,0,6,1,0,0,2,0,1,5,0,0,4,7,3,4,27,35,19,1,5,6,7,8,29,8,20,12,13,8,10,3,14,15,7,8,2,4,17,18,31,20,12,7,17,35,19,3,4,3,5,15,36,8,9,5,21,22,23,0,10,13,14,25,16,8,2,10,33,18,19,26,38,0
13,8,14,36,12,21,13,0,66,34,35,4,1,0,2,0,1,0,3,0,0,6,0,1,2,0,1,0,0,3,0,6,1,5,6,7,17,34,3,5,25,7,3,4,5,21,22,23,4,13,13,28,25,16,8,2,4,17,18,31,20,12,0,0,10,11,3,4,3,5,6,7,8,9,8,20,12,13,8,10,13,14,25,36,8,2,4,40,18,31,20,12,1
8,13,70,1,2,3,31,9,41,47,35,13,0,1,2,0,1,0,0,5,0,6,1,0,2,0,1,0,5,0,0,4,3,14,25,36,21,41,1,5,6,36,8,9,5,20,12,13,8,10,3,14,15,36,8,2,4,17,18,31,20,12,15,5,6,7,35,31,3,5,25,36,8,9,6,0,10,11,6,5,13,28,25,16,8,2,4,17,18,31,12,27,1
13,8,45,19,44,35,26,14,66,12,21,24,1,0,2,0,1,0,3,0,0,4,0,1,2,0,1,0,0,3,0,4,3,5,6,7,18,31,0,8,10,9,5,25,2,0,10,11,27,12,13,28,25,16,8,2,4,3,12,27,33,34,3,5,6,7,17,18,1,5,6,36,8,9,5,21,22,23,0,10,9,21,26,23,14,25,10,33,18,24,26,38,0
9,0,66,11,44,35,77,52,19,57,8,31,0,1,2,0,0,1,3,0,0,6,0,1,0,2,0,1,5,0,6,0,7,40,18,24,5,6,5,32,26,23,5,6,8,3,12,27,0,10,13,28,25,36,8,1,6,0,1,11,20,4,3,5,6,36,4,13,0,8,1,9,26,38,8,3,4,13,0,10,3,28,15,16,4,27,4,17,18,31,20,12,0
0,9,56,66,12,8,4,28,19,33,35,40,0,1,0,2,0,1,1,0,4,0,0,1,2,0,0,1,3,0,0,4,15,14,25,16,20,4,1,5,6,7,26,23,9,21,22,23,28,25,3,28,15,16,4,27,4,17,18,31,20,12,7,17,35,19,3,4,15,5,25,36,26,38,15,28,6,36,18,31,13,28,25,16,8,1,4,17,18,24,28,6,0
9,0,10,11,12,3,13,14,19,57,8,31,0,1,2,0,0,1,5,0,0,6,0,1,0,2,0,1,3,0,4,0,3,5,6,7,31,18,3,5,6,7,3,27,5,21,44,23,0,10,13,28,15,16,2,8,4,17,18,31,20,4,3,5,25,7,18,24,0,8,1,9,25,5,15,20,4,13,0,10,3,28,15,16,4,27,4,17,18,31,20,12,0
3,1,14,66,12,62,44,0,1,7,35,31,0,1,0,2,1,0,5,0,3,0,0,1,0,2,0,5,0,3,6,0,1,5,6,7,34,31,1,5,25,36,8,29,5,21,44,23,12,13,15,28,15,36,2,8,2,8,10,11,4,27,0,0,1,2,3,4,1,5,6,7,8,9,0,0,10,11,4,27,13,14,25,7,8,1,4,33,18,31,20,12,1
1,3,0,66,12,35,37,14,19,34,62,13,0,1,0,2,0,1,0,3,4,0,0,1,0,2,1,0,5,0,4,0,0,0,1,11,4,13,1,5,6,7,8,9,5,21,26,23,0,10,13,14,25,16,8,1,10,33,18,31,20,12,1,5,6,7,34,31,0,8,1,9,5,25,0,20,12,13,8,10,15,28,15,36,2,8,4,17,34,31,20,4,0
15,7,28,66,57,3,4,46,36,2,35,24,0,1,2,0,5,0,0,5,6,0,1,0,0,2,0,1,3,0,0,4,7,17,34,19,3,4,1,5,6,36,8,9,0,0,10,2,4,27,3,14,15,36,8,2,4,40,18,31,20,12,3,28,6,7,4,13,3,5,6,7,3,27,8,20,12,13,8,10,13,14,25,16,8,2,10,33,18,31,26,41,0
7,15,28,66,2,35,37,45,9,7,3,4,1,0,0,2,0,5,3,0,0,4,0,1,2,0,5,0,0,5,6,0,7,17,34,19,3,4,1,5,6,36,8,9,5,21,44,23,13,4,13,14,25,16,8,2,10,33,18,31,4,20,3,5,6,7,21,23,0,8,29,9,30,27,0,0,10,2,4,27,3,14,15,16,8,2,4,40,18,31,20,12,0
15,7,55,66,25,35,26,14,15,34,3,4,0,5,2,0,5,0,0,3,4,0,1,0,0,2,0,1,5,0,0,6,1,14,25,16,8,1,1,5,6,36,8,9,5,20,12,13,0,10,13,14,25,36,8,2,10,33,18,31,20,12,1,5,6,7,34,31,5,32,26,23,20,27,0,3,12,27,8,10,3,14,15,16,8,2,4,33,18,31,12,20,1
11,8,39,66,25,3,4,28,19,2,35,26,0,1,2,0,1,0,0,5,0,6,0,1,2,0,5,0,0,3,0,4,8,45,45,45,45,45,8,45,45,45,45,45,8,45,45,45,45,45,8,45,45,45,45,45,8,45,45,45,45,45,8,45,45,45,45,45,8,45,45,45,45,45,8,45,45,45,45,45,8,45,45,45,45,45,8,45,45,45,45,45,1
8,11,39,15,9,58,30,45,11,4,35,13,0,1,2,0,3,0,0,5,0,6,0,1,2,0,1,0,0,3,0,4,7,17,18,19,4,13,8,45,45,45,45,45,8,45,45,45,45,45,8,45,45,45,45,45,4,40,18,31,28,6,8,45,45,45,45,45,8,45,45,45,45,45,8,45,45,45,45,45,13,28,25,16,8,2,8,45,45,45,45,45,1
11,8,66,19,34,35,31,14,1,12,3,64,0,1,2,0,1,0,0,5,0,6,0,1,2,0,1,0,0,5,0,6,7,17,34,31,3,4,0,8,10,9,5,25,4,40,18,31,28,6,13,28,25,16,8,2,4,17,18,31,20,12,3,5,6,7,34,19,1,5,6,36,8,9,5,21,44,23,0,10,3,14,15,16,8,2,4,17,18,31,26,41,0
14,10,56,66,71,8,24,28,19,34,35,31,1,0,0,2,0,1,5,0,0,3,1,0,0,2,1,0,3,0,0,6,15,14,25,16,3,4,1,5,6,7,26,38,3,28,6,36,32,23,3,28,15,16,4,27,10,17,18,31,26,38,7,17,35,19,3,4,0,8,1,9,25,36,4,17,18,19,8,10,13,28,25,36,8,2,4,33,18,31,20,12,1
10,14,73,1,7,3,4,66,19,12,35,9,1,0,0,2,1,0,5,0,0,4,1,0,0,2,0,1,3,0,0,6,15,14,25,36,21,23,1,5,6,7,8,9,0,0,10,11,4,13,3,28,15,36,8,2,4,40,18,31,20,12,1,5,6,7,34,19,0,8,1,9,5,25,5,21,22,23,13,12,13,14,25,16,8,2,0,8,29,9,30,13,1
14,10,66,41,7,35,13,73,1,12,3,4,1,0,0,2,0,6,3,0,0,4,1,0,0,2,1,0,5,0,0,4,1,5,6,7,34,19,3,5,15,36,8,9,0,0,1,11,13,4,13,14,25,16,8,2,4,33,18,31,20,4,15,14,6,36,18,31,1,5,6,7,8,9,5,21,22,23,4,13,3,28,15,36,8,2,4,40,18,31,20,12,1
5,7,45,19,2,3,4,28,66,7,35,31,1,0,0,2,0,5,5,0,0,6,1,0,0,2,0,5,3,0,0,6,3,5,25,7,21,23,0,8,1,9,5,25,8,3,12,13,0,10,3,14,15,16,8,2,4,33,18,31,20,12,7,17,34,19,3,4,1,5,25,36,8,29,0,0,10,2,4,27,13,28,25,16,8,2,4,17,18,31,20,12,0
5,7,75,1,29,3,24,10,66,7,35,26,1,0,0,2,0,1,5,0,0,4,1,0,0,2,0,1,5,0,0,3,6,0,10,11,4,13,1,5,6,7,8,9,5,32,44,23,12,13,3,14,15,16,8,2,10,33,18,24,26,38,3,5,25,7,3,4,1,5,25,36,8,29,0,0,10,2,4,27,13,28,25,16,8,2,10,33,18,31,20,12,1
7,5,45,1,57,35,4,10,19,7,3,9,1,0,0,2,0,5,5,0,0,4,1,0,0,2,0,1,5,0,0,6,3,5,25,7,18,19,1,5,25,36,8,10,0,0,10,2,4,27,13,28,25,36,8,2,4,40,18,31,20,12,3,5,25,7,3,4,0,8,1,9,5,25,0,0,10,11,4,27,3,14,15,16,8,2,0,8,29,9,30,13,1
13,2,10,19,44,78,13,66,11,20,35,31,1,0,2,0,0,1,5,0,0,6,0,1,0,2,0,3,0,3,0,6,3,5,6,7,34,31,0,8,1,9,5,25,2,0,10,2,12,27,13,14,15,16,8,2,4,17,18,31,27,20,1,5,6,7,40,18,3,5,25,36,3,27,3,28,6,7,4,13,13,14,25,16,8,2,4,33,18,31,20,12,1
2,13,28,11,7,35,4,14,61,34,3,13,0,1,0,2,0,1,0,3,0,6,1,0,2,0,0,1,3,0,0,6,7,17,18,31,4,27,3,5,25,36,3,27,0,0,10,2,4,27,13,28,25,16,8,2,4,33,18,31,20,12,3,5,6,7,17,35,3,5,25,36,8,9,3,20,12,27,8,1,3,14,15,16,8,2,4,17,18,31,27,20,1
13,2,46,15,14,58,4,28,11,57,74,31,1,0,2,0,0,1,5,0,0,6,0,1,0,2,0,4,0,1,0,4,3,28,6,7,4,13,5,32,26,23,3,27,3,5,6,36,17,18,13,28,15,16,0,2,4,33,18,31,20,12,7,17,18,31,4,27,3,5,25,36,3,27,0,0,10,2,3,4,6,0,10,11,36,28,4,17,18,31,20,12,1
11,12,18,36,44,58,31,10,11,7,8,26,0,1,2,0,1,0,0,3,0,6,0,1,2,0,0,1,0,3,4,0,7,40,18,31,3,4,3,5,25,7,3,4,8,3,12,27,8,10,9,21,26,23,28,15,4,17,18,31,20,12,3,5,25,7,13,4,3,5,25,36,3,43,0,0,10,11,3,12,3,28,15,16,10,2,10,33,18,31,12,20,0
11,12,55,11,54,58,31,14,1,7,8,26,0,5,2,0,3,0,0,3,0,6,0,1,2,0,0,1,0,3,4,0,0,0,1,2,3,4,3,5,6,7,27,3,6,8,29,9,21,23,9,21,26,23,28,15,4,17,18,31,20,12,1,5,6,7,17,34,1,5,25,36,8,9,0,0,10,2,3,12,3,28,15,16,10,2,10,33,18,31,12,20,0
5,10,39,66,7,35,26,14,15,12,3,31,1,0,0,2,0,1,5,0,0,4,1,0,0,2,1,0,5,0,0,6,7,17,18,19,4,13,1,5,25,7,8,9,6,0,10,11,4,27,13,28,15,16,8,2,10,33,18,31,20,12,3,5,6,7,34,24,3,28,6,7,3,27,5,21,22,23,4,13,3,28,15,36,8,2,4,17,18,31,20,12,1
5,10,52,11,57,79,13,66,61,46,58,4,1,0,0,2,0,1,3,0,0,4,1,0,0,2,1,0,3,0,0,6,3,5,25,7,4,13,3,5,25,7,3,27,0,0,10,11,4,27,13,28,15,16,2,0,4,33,18,31,20,12,1,5,25,7,40,18,3,5,25,7,8,9,15,28,6,7,4,27,9,21,22,41,28,15,4,40,18,31,20,12,0
5,10,10,11,34,35,30,14,15,25,62,24,1,0,0,2,0,1,3,0,0,6,1,0,0,2,1,0,5,0,0,4,3,5,6,7,18,31,3,5,25,7,3,27,0,3,12,27,8,10,13,28,15,36,8,2,1,5,6,36,26,38,3,5,6,7,18,17,3,28,6,36,3,27,15,3,12,13,8,10,15,28,15,36,29,2,10,33,18,24,26,38,0
4,16,10,19,25,3,4,70,66,7,35,24,0,1,2,0,0,1,0,3,6,0,0,1,0,2,5,0,0,3,0,4,3,5,6,7,34,31,0,8,1,9,5,25,8,20,12,13,8,10,3,28,15,36,8,2,4,17,18,31,20,12,8,3,12,27,21,23,1,5,6,36,8,9,0,0,1,11,4,13,13,28,25,16,8,2,10,17,18,31,26,38,1
4,16,52,19,34,35,44,18,66,25,8,9,0,1,2,0,0,1,0,5,4,0,0,1,0,2,1,0,0,3,0,6,3,5,6,7,4,13,0,8,1,9,5,25,8,20,12,13,8,10,13,28,25,16,8,2,6,8,1,11,4,27,7,40,18,31,3,4,1,5,6,36,8,9,0,20,12,27,8,10,3,28,15,7,4,27,0,8,29,9,30,12,1
3,12,28,19,25,21,13,10,11,44,3,4,0,1,0,2,1,0,3,0,6,0,0,1,2,0,0,1,0,5,4,0,7,17,18,19,3,4,0,8,1,9,5,25,8,20,12,13,8,10,9,21,22,23,14,25,4,17,18,31,20,4,3,5,6,7,4,3,3,5,6,36,3,43,8,3,12,27,8,10,13,14,15,16,8,2,4,17,18,31,20,12,1
3,12,14,66,46,35,44,28,1,20,58,4,0,1,0,2,1,0,3,0,4,0,0,1,2,0,0,1,0,3,6,0,3,5,25,7,17,18,1,5,25,36,8,29,15,28,6,7,4,27,13,28,25,16,8,2,2,8,10,11,4,27,7,17,34,19,4,3,1,5,6,36,8,9,3,28,6,36,21,23,9,21,22,23,28,15,4,17,18,31,20,12,0
3,12,56,66,25,3,24,28,1,46,58,4,0,1,0,2,1,0,3,0,4,0,0,1,2,0,0,1,0,3,6,0,15,14,25,16,4,13,1,5,25,36,8,29,15,20,12,13,8,10,13,14,15,16,8,2,10,17,18,31,26,38,7,17,35,19,4,3,1,5,6,36,8,9,3,28,6,7,13,4,9,21,22,23,28,15,4,17,18,31,20,12,1
7,0,45,1,57,35,13,10,19,7,16,37,1,0,0,2,0,1,3,0,0,6,0,1,0,2,0,1,3,0,4,0,3,5,6,7,18,19,1,5,25,36,10,8,0,0,10,2,4,27,13,28,25,16,8,2,4,17,18,31,20,12,3,5,25,7,3,4,15,5,6,7,26,38,0,0,29,11,4,13,15,28,25,16,4,3,10,17,18,31,20,12,0
0,7,28,11,7,8,31,53,1,2,3,4,0,1,0,2,0,1,3,0,6,0,1,0,0,2,0,5,5,0,0,6,3,3,4,27,34,19,3,5,6,7,3,27,0,0,29,11,4,13,3,28,15,16,27,4,4,17,18,31,20,12,12,3,4,27,37,42,1,5,25,36,10,8,5,21,44,23,13,12,3,14,15,16,8,2,4,40,18,31,20,12,0
7,0,70,41,7,74,24,14,1,2,62,37,1,0,0,2,0,5,1,0,0,3,0,1,0,2,0,1,1,0,4,0,3,3,12,27,21,23,3,5,15,36,8,9,0,0,10,2,4,27,6,0,10,2,4,13,10,33,34,31,26,41,1,5,6,7,34,19,1,5,6,7,33,31,5,20,12,13,8,29,15,28,15,16,4,3,10,17,18,31,20,12,0
1,6,14,66,25,35,37,28,9,34,21,13,0,1,0,2,0,1,0,3,4,0,1,0,0,2,1,0,0,5,6,0,3,5,6,7,31,17,1,5,6,7,8,9,8,20,12,13,8,10,13,14,25,16,8,2,10,33,18,31,20,12,7,17,18,19,3,4,0,8,29,9,30,27,8,20,12,13,8,10,9,21,22,41,14,25,4,33,18,31,12,27,1
6,1,14,11,34,35,31,9,66,25,62,26,1,0,0,2,1,0,0,5,6,0,0,1,0,2,0,1,0,5,4,0,3,5,6,7,34,31,3,5,6,36,32,38,8,20,12,13,8,10,13,28,25,16,8,2,4,17,18,31,20,12,3,5,25,7,18,31,1,5,6,7,8,9,8,20,12,13,8,10,15,14,15,16,8,2,10,33,18,31,20,12,1
1,6,10,1,25,8,24,14,11,34,35,44,0,1,0,2,0,1,0,1,4,0,1,0,0,2,1,0,0,1,4,0,3,5,6,7,34,31,3,5,6,36,32,38,8,20,12,13,8,10,13,28,25,16,8,2,4,17,18,31,20,12,3,5,25,7,18,31,1,5,6,7,8,9,8,20,12,13,8,10,15,14,15,16,8,2,10,33,18,31,20,12,0
13,10,18,19,34,35,24,28,36,7,62,4,1,0,2,0,0,1,3,0,0,4,1,0,0,2,1,0,5,0,0,6,7,40,34,31,3,4,0,8,29,9,5,25,8,20,12,27,8,1,13,28,25,16,8,2,10,33,18,31,26,38,7,17,18,19,3,4,3,5,25,7,8,9,0,0,10,11,6,28,15,28,15,36,2,29,4,40,18,31,20,12,1
10,13,70,11,25,62,4,10,19,34,35,26,1,0,0,2,1,0,5,0,0,4,1,0,2,0,0,1,3,0,0,4,7,3,12,27,21,41,3,5,6,7,3,27,8,3,12,13,8,10,15,28,15,16,2,29,4,40,18,31,20,12,3,5,6,7,3,4,0,8,29,9,5,25,0,20,12,27,8,1,13,28,25,16,8,2,10,33,18,31,12,3,0
5,9,14,1,2,3,26,45,66,25,35,44,1,0,0,2,0,5,5,0,0,3,0,1,2,0,0,1,0,5,0,4,3,5,6,7,31,17,1,5,25,7,8,9,8,3,12,13,0,10,3,14,15,16,8,2,8,20,4,27,18,33,3,5,6,7,18,31,1,5,6,36,26,41,8,20,12,13,31,17,13,28,15,16,8,2,2,0,10,11,4,27,1
5,9,18,1,29,35,26,28,11,7,16,24,1,0,0,2,0,1,3,0,0,4,0,1,2,0,0,1,0,3,0,4,3,5,25,7,3,4,1,5,25,7,8,9,5,21,44,23,12,13,13,28,25,16,8,2,8,20,12,27,18,33,7,17,35,19,3,4,3,5,6,36,3,27,0,0,10,11,4,13,12,3,4,27,28,25,10,33,34,24,10,9,0
5,9,45,1,29,62,4,73,41,7,35,13,1,0,0,2,0,1,5,0,0,6,0,1,2,0,0,1,0,3,0,4,15,5,25,36,34,24,1,5,25,7,8,9,5,21,44,23,12,13,15,28,15,36,8,2,4,17,18,31,12,20,15,5,25,7,21,23,3,5,15,36,8,9,0,0,10,11,4,13,13,28,15,16,8,2,4,17,18,31,20,12,0
8,14,70,1,34,3,4,14,15,25,8,26,0,1,2,0,1,0,0,3,0,6,1,0,0,2,0,1,3,0,0,4,8,3,12,27,21,41,1,5,6,36,8,29,8,20,12,13,8,10,3,14,15,36,8,2,4,40,18,31,20,12,1,5,6,7,34,31,3,28,6,36,26,23,8,20,12,13,8,10,3,28,15,16,4,27,10,33,18,19,20,12,1
14,8,28,11,25,35,24,14,15,9,58,31,1,0,0,2,0,1,5,0,0,3,0,1,2,0,1,0,0,5,0,6,7,17,18,19,3,4,3,5,6,7,3,27,6,8,10,11,13,12,13,14,25,16,8,2,10,33,18,19,26,38,3,5,6,7,17,19,5,32,26,23,3,27,15,5,6,7,34,24,9,21,26,23,28,15,4,17,18,31,30,12,1
8,14,45,1,12,35,26,10,15,25,3,13,0,1,2,0,1,0,0,5,0,4,1,0,0,2,0,1,5,0,0,6,3,5,6,36,40,18,1,5,6,36,8,9,5,21,22,23,12,13,13,14,25,36,8,2,10,33,18,31,20,12,3,5,6,7,3,4,3,5,6,36,26,23,15,20,12,13,31,18,3,14,15,16,8,2,4,33,18,31,20,4,0
15,1,70,9,47,8,24,0,15,2,35,31,0,1,2,0,1,0,0,5,3,0,0,1,0,2,0,1,0,3,4,0,8,3,4,27,21,23,0,8,1,9,30,27,6,0,10,2,21,23,3,28,15,36,4,27,10,33,18,24,38,26,0,0,1,2,3,4,3,28,6,36,23,26,8,20,12,13,8,10,13,14,25,16,20,39,4,33,18,31,20,12,1
15,1,0,36,57,8,24,9,15,47,35,31,0,1,2,0,1,0,0,5,3,0,0,1,0,2,0,1,0,3,6,0,0,0,1,2,3,4,3,5,25,7,8,9,0,0,10,2,4,27,3,28,15,36,4,27,10,33,18,24,38,26,15,5,25,7,34,31,5,32,26,23,3,27,6,0,10,11,21,23,13,14,25,7,20,39,4,33,18,31,20,12,1
4,0,45,11,57,35,65,10,1,2,3,24,0,1,2,0,0,5,0,3,6,0,0,1,0,2,0,1,5,0,4,0,3,5,25,7,18,19,3,5,25,7,3,27,0,0,10,11,13,4,13,28,25,36,4,39,4,33,18,31,26,41,3,5,25,7,3,4,1,5,6,7,8,9,8,20,12,13,8,29,13,14,15,16,2,8,10,33,18,24,26,38,0
4,0,70,36,25,35,4,0,11,7,3,24,0,1,2,0,0,1,0,3,6,0,0,1,0,2,0,1,5,0,4,0,3,3,12,27,34,19,3,5,25,7,8,9,0,20,12,13,18,17,13,28,25,36,4,39,4,17,18,31,20,12,0,0,1,11,4,13,1,5,6,7,31,40,0,0,10,11,4,13,13,14,15,16,2,8,10,33,18,31,26,38,1
4,0,18,36,34,35,44,0,11,7,3,37,0,1,2,0,0,1,0,3,4,0,0,1,0,2,0,1,3,0,6,0,15,14,15,7,3,4,3,5,25,7,8,9,0,20,12,13,8,10,13,28,25,36,4,39,6,8,1,11,4,27,0,0,1,11,4,13,3,5,6,7,31,40,0,0,1,11,4,13,13,14,15,16,2,8,10,3,12,39,34,19,0
11,13,14,1,33,35,37,45,11,2,74,13,0,1,2,0,1,0,0,3,0,4,1,0,2,0,0,6,3,0,0,6,3,5,6,7,34,17,1,5,6,7,8,9,15,28,6,36,34,31,13,28,25,16,4,39,10,33,18,31,20,12,3,5,6,7,18,31,3,5,6,36,3,27,5,21,44,23,12,27,13,28,25,16,8,2,8,30,12,27,34,31,0
11,13,28,36,50,58,9,46,11,2,74,13,0,1,2,0,1,0,0,3,0,6,1,0,2,0,0,6,3,0,0,4,7,17,18,31,3,4,3,5,25,7,3,39,13,28,15,36,34,31,9,21,26,23,28,15,0,8,29,9,30,43,3,28,6,7,4,13,3,5,6,36,3,27,5,21,44,23,12,27,13,28,25,16,8,2,4,17,18,31,20,12,0
2,7,66,1,44,16,9,18,19,25,35,31,0,1,0,2,0,5,0,5,0,6,1,0,0,2,0,1,5,0,0,4,7,40,34,31,6,5,1,5,25,36,18,31,8,3,12,13,1,9,12,3,4,39,25,28,0,8,29,9,30,12,7,40,34,19,4,3,0,8,1,9,5,25,8,20,12,13,8,10,13,28,25,16,4,39,4,33,18,31,20,12,0
7,2,28,1,7,3,4,10,19,44,21,31,1,0,0,2,0,1,5,0,0,4,0,1,0,2,0,1,0,3,0,6,7,17,18,19,4,3,1,5,25,36,8,10,0,0,10,2,4,27,3,14,15,16,8,2,4,40,18,31,20,12,3,5,25,7,3,4,0,8,1,9,5,25,8,20,12,13,1,9,9,21,26,23,14,25,4,33,18,19,20,12,1
4,15,10,19,34,35,37,45,66,7,8,9,0,1,2,0,0,1,0,3,4,0,0,1,2,0,1,0,0,3,6,0,3,5,25,7,3,4,0,8,1,9,5,25,8,20,12,13,8,10,13,28,25,16,4,39,10,33,18,31,20,12,3,5,25,7,21,23,1,5,6,7,8,9,0,0,10,2,4,27,3,28,15,16,4,27,0,8,29,9,30,43,0
15,4,46,11,57,35,26,70,61,25,3,80,0,1,2,0,1,0,0,3,4,0,0,1,2,0,0,1,0,3,6,0,15,28,6,7,4,3,3,5,6,36,3,27,0,0,10,2,4,27,13,14,25,36,4,39,10,33,18,31,20,12,3,3,4,27,21,23,3,5,25,36,8,9,0,20,12,13,8,10,3,28,15,16,8,2,10,17,18,24,29,9,0
4,15,14,15,9,58,30,73,66,47,8,24,0,1,2,0,0,1,0,3,6,0,0,1,2,0,1,0,0,5,4,0,1,5,25,36,17,34,5,32,26,23,3,27,0,8,10,9,24,34,9,21,22,23,28,15,1,28,6,36,26,38,15,14,6,7,31,18,1,5,6,36,8,9,6,0,10,2,21,23,3,28,15,16,4,27,10,33,18,24,26,38,0
12,8,39,66,25,35,24,28,19,81,21,40,0,1,2,0,0,1,0,3,4,0,0,1,2,0,1,0,0,5,0,3,7,17,34,19,3,4,1,5,25,36,8,9,8,20,12,13,8,1,13,28,25,16,4,39,10,17,18,31,26,38,7,17,34,19,3,4,0,8,1,9,5,25,6,0,10,11,4,27,9,21,26,23,14,25,10,33,18,24,28,6,1
8,12,70,19,2,21,9,14,15,0,74,13,0,1,2,0,3,0,0,5,0,6,0,1,2,0,0,5,0,1,4,0,7,3,12,27,21,41,0,8,1,9,5,25,8,20,12,13,8,10,9,21,26,23,14,25,0,8,29,9,30,43,1,5,25,7,34,17,5,32,26,23,27,20,2,0,1,2,4,13,6,0,10,11,28,36,4,17,18,31,20,4,0
11,14,39,66,46,35,4,28,9,25,3,13,0,1,2,0,1,0,0,5,0,6,1,0,0,2,0,6,3,0,0,6,7,17,34,31,3,4,1,5,6,7,8,9,15,28,6,7,20,27,13,28,25,16,4,39,4,33,18,31,20,12,7,17,34,19,3,4,0,8,29,9,30,43,6,8,1,11,12,13,3,14,15,16,8,2,4,33,18,31,20,4,0
14,11,70,19,25,35,24,10,66,54,58,4,1,0,6,2,0,1,3,0,0,4,0,1,2,0,5,0,0,5,0,6,7,3,12,27,21,23,0,8,1,9,5,25,15,20,12,13,8,1,13,14,25,16,20,39,10,17,18,19,26,38,3,5,6,7,3,4,1,5,6,7,8,9,6,8,29,9,21,23,9,21,26,23,28,15,4,33,18,31,20,12,1
10,6,14,19,29,35,24,66,11,7,62,13,1,0,0,2,1,0,3,0,0,4,1,0,0,2,1,0,0,5,4,0,3,5,25,7,34,31,0,8,1,9,25,36,5,32,22,23,12,13,13,28,25,36,4,39,10,33,18,24,26,38,7,40,18,31,3,4,3,5,6,36,32,38,0,0,10,11,4,13,15,14,15,16,8,2,4,33,18,31,12,27,1
6,10,28,11,32,35,31,14,19,7,62,24,1,0,0,2,1,0,0,3,4,0,1,0,0,2,1,0,5,0,0,3,7,17,18,19,4,39,3,5,6,36,32,38,5,21,22,38,12,13,13,28,25,16,4,39,4,33,18,31,20,12,3,5,25,7,34,31,0,8,1,9,25,36,0,0,10,11,28,6,15,28,15,16,8,2,10,33,18,24,26,38,0
3,15,10,15,2,35,24,0,11,57,3,4,0,1,0,2,1,0,3,0,4,0,0,1,2,0,5,0,0,5,6,0,3,5,15,7,3,4,5,32,26,23,20,27,8,20,12,13,8,10,13,28,25,36,4,39,10,17,18,24,26,38,2,0,1,2,3,4,3,5,6,36,3,27,0,0,10,2,4,27,13,14,15,36,8,2,4,33,18,31,30,12,1
3,15,28,15,9,35,30,70,19,68,3,13,0,1,0,2,3,0,5,0,6,0,0,1,2,0,1,0,0,5,4,0,3,5,15,7,3,4,5,32,26,23,20,27,8,20,12,13,8,10,13,28,25,36,4,39,10,17,18,24,26,38,2,0,1,2,3,4,3,5,6,36,3,27,0,0,10,2,4,27,13,14,15,36,8,2,4,33,18,31,30,12,0
3,15,46,19,12,35,13,70,9,51,3,26,0,1,0,2,1,0,5,0,6,0,0,1,2,0,1,0,0,5,4,0,3,5,15,7,3,4,5,32,26,23,20,27,0,8,29,9,30,27,13,28,25,36,4,39,10,17,18,24,26,38,2,3,4,27,21,23,0,8,1,9,5,25,0,0,10,2,4,27,3,14,15,36,8,2,4,17,18,31,20,4,0
11,5,39,61,25,16,4,14,11,7,35,37,0,1,2,0,1,0,0,3,0,6,1,0,0,2,0,1,3,0,0,4,7,17,34,19,4,13,3,5,25,7,8,9,8,20,12,13,18,31,12,3,4,39,28,15,4,33,18,31,20,12,3,5,6,7,17,34,3,5,25,7,18,31,0,0,10,2,4,27,13,28,15,16,8,2,10,33,18,31,20,12,1
5,11,39,36,7,82,37,14,1,34,3,13,1,0,0,2,0,1,1,0,0,3,0,1,2,0,1,0,0,3,0,4,7,17,18,19,4,13,3,5,25,7,3,39,6,0,10,11,4,27,6,0,10,2,36,28,10,17,18,31,20,12,3,5,6,7,17,34,1,5,25,36,8,9,0,3,12,13,8,10,3,14,15,16,8,2,4,33,18,31,20,12,0
16,8,44,9,47,35,26,14,19,34,21,4,0,1,2,0,1,0,0,3,0,4,0,1,2,0,1,0,0,3,0,6,7,40,18,19,4,27,0,8,29,9,30,39,13,28,25,16,21,23,13,28,25,16,4,39,10,17,18,31,20,12,3,5,6,7,34,19,0,8,1,9,5,25,8,20,12,13,8,10,13,14,25,36,8,2,4,33,18,31,20,12,0
8,16,70,19,34,35,31,14,66,2,74,4,0,1,2,0,1,0,0,5,0,6,0,1,2,0,1,0,0,5,0,4,7,3,12,27,21,41,0,8,1,9,5,25,13,20,12,13,8,10,13,14,25,16,3,39,4,33,18,31,20,12,1,5,6,7,34,31,0,8,29,9,5,6,8,3,12,13,8,10,13,28,25,16,8,2,4,17,18,31,20,12,0
16,8,44,11,2,35,13,14,1,57,21,4,0,1,2,0,1,0,0,3,0,4,0,1,2,0,5,0,0,5,0,4,7,40,18,19,4,27,3,5,6,36,3,27,13,20,12,13,8,10,13,28,25,16,39,4,4,17,18,31,20,12,3,5,6,7,34,19,1,5,6,36,8,29,8,20,4,27,8,10,13,14,25,36,3,39,4,33,18,31,20,12,1
9,13,45,41,34,21,31,28,19,57,74,4,0,1,2,0,1,0,0,3,0,6,1,0,2,0,0,5,3,0,0,4,3,5,6,7,21,23,3,5,15,36,8,9,8,20,12,13,8,10,9,21,22,41,14,25,4,17,18,31,20,12,7,17,35,19,3,4,0,8,1,9,5,25,0,0,10,11,4,27,13,28,25,16,8,2,4,33,18,31,20,12,0
13,9,18,11,25,35,44,83,61,2,3,24,1,0,2,0,0,1,3,0,0,4,0,1,2,0,1,0,0,3,0,4,15,14,15,7,3,4,3,5,6,36,3,27,8,20,12,13,8,10,13,28,25,16,4,39,6,0,10,11,4,27,7,17,34,31,4,13,9,37,26,38,1,8,0,20,12,13,8,10,13,28,15,36,8,2,10,33,18,24,26,38,1
7,6,56,1,25,3,24,28,19,44,74,13,1,0,0,2,0,1,5,0,0,4,1,0,0,2,1,0,0,1,6,0,15,14,25,16,4,3,1,5,25,36,8,10,8,3,12,13,8,10,3,14,15,16,8,2,10,33,18,31,26,41,7,17,34,19,3,4,0,8,29,9,5,25,8,3,12,13,8,10,6,0,10,11,28,16,4,33,18,19,20,12,1
6,7,43,66,44,3,13,10,15,25,35,37,6,1,0,2,1,0,0,5,4,0,1,0,0,2,0,1,3,0,0,4,3,5,6,7,4,13,1,5,6,7,8,9,8,3,12,27,8,10,3,14,15,16,8,2,4,33,18,31,20,12,3,5,6,7,13,4,5,32,26,23,20,27,8,20,12,13,8,10,13,28,25,16,4,39,10,33,18,31,20,39,1
7,6,73,15,25,62,31,66,11,34,35,4,1,0,0,2,0,1,3,0,0,6,1,0,0,2,1,0,0,5,6,0,3,5,6,7,4,13,1,5,6,7,8,9,8,3,12,27,8,10,3,14,15,16,8,2,4,33,18,31,20,12,3,5,6,7,13,4,5,32,26,23,20,27,8,20,12,13,8,10,13,28,25,16,4,39,10,33,18,31,20,39,0
2,12,10,19,34,35,44,70,66,47,8,24,0,1,0,2,0,1,0,3,0,6,0,1,2,0,0,1,0,1,4,0,3,5,6,7,34,31,0,8,1,9,5,25,8,20,12,13,8,10,13,28,25,36,4,39,2,8,10,11,4,27,8,3,12,27,21,23,1,5,6,36,8,9,6,0,1,11,21,23,3,28,15,16,10,2,10,17,18,31,26,38,0
2,12,52,1,57,62,13,84,66,2,35,44,0,1,0,2,0,5,0,5,0,3,0,1,2,0,0,1,0,3,4,0,3,5,6,7,13,3,1,5,6,36,18,31,8,3,4,13,0,10,15,14,15,36,8,29,2,20,4,27,8,10,8,20,4,39,40,18,1,5,6,36,8,9,6,3,12,13,8,29,13,28,25,16,4,39,6,0,1,11,4,27,0
14,1,28,19,34,8,31,9,66,12,21,4,1,0,0,2,0,1,3,0,0,6,0,1,0,2,0,1,0,5,6,0,7,17,18,19,3,4,0,8,1,9,5,25,8,20,12,27,8,10,3,28,15,16,4,27,4,33,18,31,20,4,3,5,25,7,34,31,1,5,6,36,8,9,5,21,26,23,0,10,13,14,25,16,8,2,4,17,18,19,20,12,1
14,1,66,11,33,35,44,9,19,34,8,24,1,0,0,2,0,1,3,0,0,4,0,1,0,2,0,1,0,1,4,0,7,40,18,31,3,4,3,5,6,7,3,27,15,28,6,36,21,41,13,28,25,16,39,4,2,8,1,11,20,4,3,5,25,7,34,31,0,8,1,9,25,36,5,3,12,27,8,10,3,28,15,16,4,27,10,33,18,24,26,38,0
14,1,10,9,2,8,24,0,66,12,3,37,1,0,0,2,0,1,1,0,0,4,0,1,0,2,0,1,0,3,4,0,3,5,25,7,3,4,0,8,29,9,43,30,15,3,12,13,8,10,3,28,15,16,4,27,0,8,29,9,26,38,0,0,1,2,4,13,1,5,6,36,8,9,5,21,26,23,0,10,3,14,15,16,1,2,10,33,18,19,20,12,1
0,3,28,19,85,8,24,14,1,25,35,44,0,1,0,2,0,1,1,0,4,0,0,1,0,2,1,0,3,0,4,0,7,17,18,31,3,4,0,8,1,9,6,5,0,0,10,2,21,23,3,28,15,16,4,27,10,33,18,24,26,38,3,5,6,7,17,34,1,5,25,36,8,9,8,20,12,13,8,10,13,28,25,16,4,39,2,8,10,11,3,4,0
3,0,10,19,34,35,31,45,11,2,62,4,0,1,0,2,1,0,3,0,6,0,0,1,0,2,0,1,5,0,6,0,3,5,25,7,3,4,0,8,1,9,5,25,0,20,12,27,8,10,13,28,25,36,4,39,4,17,18,31,20,12,3,5,25,7,18,19,3,5,6,7,40,31,8,20,12,13,8,29,15,28,15,16,3,4,4,17,18,31,20,12,0
0,3,18,19,2,35,4,10,66,25,62,24,0,1,0,2,0,1,3,0,6,0,0,1,0,2,1,0,5,0,4,0,7,40,18,19,3,4,0,8,1,9,5,6,0,20,12,13,8,29,13,28,25,16,4,39,4,17,18,31,20,12,3,5,6,7,4,13,1,5,6,36,8,9,8,20,12,13,8,10,15,28,15,16,8,2,10,17,18,31,26,38,1
10,4,18,15,25,35,31,70,66,7,8,37,1,0,0,2,1,0,3,0,0,4,0,1,2,0,0,5,0,3,5,0,15,14,6,7,3,4,3,5,6,36,27,3,8,20,12,13,8,10,13,28,25,16,4,39,4,33,18,31,20,12,8,3,12,27,21,23,1,5,6,36,8,9,0,0,10,11,27,4,3,28,15,16,4,27,10,33,18,31,20,12,1
4,10,28,11,57,74,63,14,15,46,16,24,0,1,2,0,0,1,0,3,6,0,1,0,0,2,1,0,3,0,0,4,7,17,18,31,3,4,3,5,6,7,3,27,0,0,10,11,27,4,13,14,25,36,8,2,6,8,1,11,4,27,3,5,25,7,34,17,3,5,6,36,27,3,15,28,6,7,4,13,12,3,4,39,28,25,10,33,18,24,26,38,1
10,4,66,41,34,35,31,18,1,25,74,4,1,0,0,2,1,0,3,0,0,6,0,1,2,0,0,1,0,5,6,0,7,40,18,31,3,4,3,5,25,16,32,38,0,20,12,13,8,10,13,28,25,16,4,39,4,33,18,31,20,12,7,40,34,31,3,4,1,5,6,36,8,9,15,20,12,13,8,10,13,14,25,16,8,2,4,33,18,31,20,12,1
5,8,44,1,47,35,26,14,9,12,3,4,1,0,0,2,0,1,3,0,4,0,0,1,2,0,1,0,0,5,0,4,7,40,18,24,0,10,1,5,25,36,8,9,6,0,10,11,21,23,13,28,25,16,8,2,10,33,18,31,3,12,3,5,6,7,34,19,0,8,29,9,30,27,5,21,22,23,0,10,3,14,15,36,8,2,4,33,18,31,20,12,0
8,5,14,15,49,35,31,28,66,47,16,24,0,1,2,0,1,0,0,3,0,6,1,0,0,2,0,5,5,0,4,0,3,5,6,7,19,17,5,32,26,23,3,27,15,28,6,7,34,24,13,28,25,16,4,39,4,33,18,31,20,12,7,17,18,19,4,20,1,5,25,36,8,9,6,0,10,11,21,23,12,3,4,39,28,25,10,33,18,31,26,38,0
5,8,14,66,57,82,13,28,1,2,3,4,1,0,0,2,0,5,1,0,3,0,0,1,2,0,1,0,0,3,0,4,3,5,25,7,18,17,1,5,25,36,8,9,0,0,10,11,4,27,6,0,10,2,28,36,4,33,18,31,20,4,7,17,18,19,3,4,1,5,6,36,8,9,6,20,12,13,8,10,3,14,15,16,8,2,4,33,18,31,20,12,0
11,16,10,9,54,35,24,18,11,25,74,4,0,1,2,0,3,0,0,5,0,4,0,1,2,0,1,0,0,3,0,4,3,5,6,7,3,4,0,8,29,9,30,39,6,8,29,9,21,23,13,28,25,16,4,39,10,33,18,31,26,38,7,40,18,31,3,4,3,5,6,36,3,27,8,20,12,13,8,10,13,28,25,16,8,2,4,17,18,31,20,12,0
16,11,14,11,46,35,26,39,19,25,16,31,0,1,2,0,1,0,0,5,0,4,0,1,2,0,1,0,0,5,0,6,1,5,6,7,34,19,3,5,6,36,3,27,15,28,6,7,20,4,13,28,25,16,4,39,10,17,18,31,20,12,7,17,34,19,4,13,0,8,1,9,5,25,8,20,12,13,8,10,12,3,4,39,28,15,4,33,18,31,20,12,0
11,16,14,41,44,35,4,18,15,25,58,9,0,1,2,0,1,0,0,5,0,4,0,1,2,0,1,0,0,3,0,6,3,5,6,7,17,34,3,5,25,7,8,9,15,3,12,27,8,10,13,28,25,36,4,39,4,33,18,31,20,12,7,40,18,31,3,4,3,28,6,7,26,23,8,20,12,13,8,10,9,21,26,23,28,15,0,8,29,9,13,30,1
14,7,17,66,12,35,31,70,9,7,21,4,1,0,0,2,0,1,3,0,0,6,1,0,0,2,0,5,5,0,0,6,4,17,34,19,3,4,1,5,6,36,8,9,5,21,22,23,0,10,13,14,25,16,20,39,4,33,18,19,20,12,8,3,12,27,21,23,0,8,29,9,30,39,0,0,10,2,4,27,13,14,25,16,8,2,4,17,18,31,20,12,1
14,7,66,19,47,8,9,64,1,49,3,4,1,0,6,2,0,1,3,0,0,6,1,0,0,2,0,1,3,0,0,6,1,5,6,7,3,4,0,8,1,9,5,25,6,0,10,11,3,4,3,28,15,16,4,27,0,8,29,9,30,13,7,40,34,19,3,27,1,5,25,36,8,10,15,28,6,36,34,24,3,28,15,16,8,2,4,17,18,31,20,12,1
12,15,52,1,34,8,38,45,66,47,35,4,0,1,2,0,0,1,0,1,4,3,0,1,2,0,1,0,0,3,6,0,3,5,25,7,3,13,1,5,6,36,8,9,8,3,12,13,8,10,3,28,15,16,10,2,2,0,1,11,28,16,3,5,6,7,21,23,1,5,6,7,8,9,6,0,1,2,21,23,13,28,25,16,4,39,4,33,18,31,20,12,0
12,15,28,11,2,8,26,0,66,57,35,4,0,1,2,0,0,1,0,1,3,0,0,1,2,0,5,0,0,3,6,0,3,3,4,27,34,31,3,5,25,36,3,27,8,3,12,13,8,29,3,28,15,16,10,2,10,33,18,31,20,12,0,0,1,2,3,4,1,5,6,7,8,9,6,20,4,27,0,10,13,28,25,16,4,39,4,33,18,31,20,12,0
0,5,18,11,25,35,4,10,66,47,8,40,0,1,0,2,0,1,3,0,6,0,1,0,0,2,0,1,5,0,4,0,7,17,18,24,3,4,3,5,25,7,3,27,8,20,12,13,17,18,13,28,25,16,4,39,4,17,18,31,20,12,3,5,25,7,13,4,1,5,25,36,8,9,6,0,10,11,21,23,3,28,15,16,4,27,10,33,18,31,28,6,0
0,5,10,1,34,35,4,18,11,25,8,24,0,1,0,2,0,1,3,0,6,0,1,0,0,2,0,1,1,0,4,0,3,5,25,7,3,4,1,5,6,7,8,9,8,20,12,27,8,10,13,28,25,16,4,39,4,17,18,31,20,12,7,40,18,19,4,3,3,5,25,7,3,27,6,20,12,13,8,10,3,28,15,16,4,27,10,33,18,31,26,38,1
0,5,52,9,57,8,31,10,11,46,58,24,0,1,0,2,0,1,3,0,4,0,1,0,0,2,0,1,5,0,4,0,3,5,25,7,4,13,0,8,29,9,13,30,0,0,10,11,4,27,3,28,15,16,4,27,4,17,18,31,20,12,3,5,6,7,3,4,3,5,25,7,3,27,15,28,6,7,4,13,9,21,26,23,28,15,10,33,18,31,26,38,1
8,2,28,66,29,21,40,14,1,7,35,37,0,1,2,0,1,0,0,3,0,4,0,1,0,2,0,1,0,3,0,4,7,17,18,19,3,4,1,5,6,36,8,9,5,32,22,23,12,13,13,14,25,16,8,2,10,33,18,31,28,6,3,5,25,7,3,27,1,5,6,36,8,10,0,0,1,11,4,13,13,28,25,16,4,39,10,33,18,31,20,4,1
2,8,70,83,7,16,9,14,66,2,21,4,0,1,0,2,0,5,0,3,0,6,0,1,2,0,3,0,0,5,0,4,7,3,4,27,21,23,9,37,26,38,5,6,0,0,10,11,4,13,12,3,4,39,28,25,0,8,29,9,30,12,1,5,6,36,17,34,1,5,6,36,8,9,0,20,12,13,8,10,9,21,26,23,14,25,4,33,18,31,20,12,0
13,7,66,11,46,35,86,10,1,25,3,24,1,0,2,0,0,1,3,0,0,6,1,0,0,2,0,1,5,0,0,4,7,17,18,24,3,4,3,5,6,36,3,27,15,28,6,36,12,13,13,28,25,16,4,39,0,8,29,9,30,12,3,5,6,7,4,3,1,5,6,7,8,10,5,21,44,23,13,12,3,14,15,16,8,2,10,17,18,31,26,41,0
7,13,46,9,12,8,24,28,19,2,58,4,1,0,0,2,0,6,1,0,0,4,1,0,2,0,0,1,3,0,0,6,15,28,6,7,4,3,0,8,29,9,30,39,5,21,44,23,0,10,3,28,15,16,4,27,10,17,18,31,26,41,7,17,18,19,3,4,0,8,1,9,5,25,5,20,12,13,8,10,9,21,44,23,28,15,4,33,34,19,20,12,1
1,16,55,1,12,8,24,14,11,2,21,40,0,5,0,2,0,1,0,3,4,0,0,1,2,0,6,0,0,3,0,6,1,14,25,16,8,1,1,5,6,7,8,9,5,21,26,23,0,10,3,28,15,16,4,27,10,33,18,24,26,38,1,5,6,7,34,19,3,5,6,36,3,27,5,21,44,23,4,13,9,21,26,23,14,25,10,17,18,24,28,6,0
16,1,10,9,49,35,26,70,19,7,21,4,0,1,2,0,1,0,0,3,0,4,0,1,0,2,0,1,0,5,4,0,3,5,6,7,3,4,0,8,29,9,30,39,15,28,6,7,34,19,13,28,25,16,4,39,10,17,18,31,20,12,1,3,4,27,21,23,0,8,1,9,25,36,0,0,10,11,4,27,13,14,25,16,8,2,4,17,18,19,20,12,1
9,14,67,19,44,35,4,45,11,12,3,24,0,1,2,0,0,1,0,3,0,4,1,0,0,2,0,1,3,0,0,4,3,14,25,7,3,4,0,8,1,9,5,25,8,3,12,27,8,10,13,28,25,36,4,39,4,17,18,31,20,12,3,5,6,7,18,24,3,5,25,7,27,3,5,21,22,23,0,10,3,14,15,16,8,2,10,33,18,24,26,38,0
9,14,28,19,2,8,24,39,11,7,3,13,0,1,2,0,0,1,0,1,0,4,1,0,0,2,0,5,3,0,0,6,7,17,34,19,3,4,0,8,1,9,5,25,8,3,12,13,8,10,3,28,15,16,4,27,10,17,18,24,26,41,7,17,18,19,3,4,3,5,6,7,3,27,0,0,10,2,4,27,3,14,15,16,8,2,4,33,18,31,20,4,0
10,11,14,9,25,35,31,66,11,34,74,4,1,0,0,2,1,0,5,0,0,6,0,1,2,0,1,0,0,5,0,4,3,5,6,7,34,24,0,8,29,9,30,39,8,20,12,13,8,10,13,28,25,16,4,39,4,33,18,31,20,12,1,5,6,7,3,4,3,5,6,7,3,27,8,20,12,27,28,6,13,14,25,16,8,2,4,33,18,31,20,12,0
10,11,14,11,25,35,4,39,66,46,74,13,1,0,0,2,1,0,5,0,0,6,0,1,2,0,1,0,0,5,0,4,3,5,25,7,34,24,3,5,6,7,3,27,8,20,12,13,8,10,13,28,25,16,4,39,4,40,18,31,20,12,7,17,34,19,4,13,1,5,6,7,8,9,15,28,6,7,27,4,13,14,25,16,8,2,4,33,18,31,20,12,1
10,11,14,1,7,35,24,45,11,25,21,4,1,0,0,2,5,0,3,0,0,4,0,1,2,0,1,0,0,3,0,6,3,5,6,7,17,34,1,5,6,7,8,9,0,0,10,11,36,28,13,28,25,16,4,39,10,33,18,31,26,38,3,5,6,7,34,31,3,5,6,7,3,27,15,20,12,13,28,6,13,14,25,16,20,4,4,33,18,31,20,12,0
0,12,14,66,12,16,37,17,11,7,35,13,0,1,0,2,0,1,3,0,4,0,0,1,2,0,0,5,0,1,6,0,3,5,6,7,34,31,14,37,26,42,6,5,5,21,26,23,12,13,15,28,15,16,4,3,10,17,18,31,20,12,7,17,34,19,0,10,3,5,6,36,3,27,0,0,10,2,4,13,13,28,25,16,4,39,4,17,18,31,20,12,0
12,0,45,6,7,35,37,10,66,12,3,4,0,1,2,0,0,5,0,3,4,0,0,1,0,2,0,1,3,0,6,0,3,5,25,7,18,24,3,5,25,36,27,20,0,0,10,2,4,13,13,28,25,16,4,39,10,33,18,31,20,12,3,5,6,7,3,4,1,5,6,7,8,9,5,21,26,23,12,13,3,14,15,16,8,2,4,17,18,31,20,12,1
3,6,45,66,2,21,4,14,1,25,8,31,0,1,0,2,6,0,5,0,6,0,1,0,0,2,1,0,0,1,4,0,3,5,6,7,18,24,1,5,6,36,9,8,8,20,12,27,8,10,9,21,22,23,25,16,4,40,18,31,20,12,3,5,6,7,17,18,1,5,6,36,8,9,8,20,12,13,8,10,3,28,15,16,4,27,4,17,18,31,20,12,0
6,3,70,66,25,8,4,14,36,7,35,37,1,0,0,2,1,0,0,1,4,0,0,1,0,2,5,0,0,3,4,0,3,3,12,27,21,23,1,5,6,36,8,9,8,20,12,13,18,17,3,28,15,16,4,27,4,40,18,31,20,12,1,5,6,7,17,34,3,5,25,7,4,13,0,0,10,2,4,27,13,28,25,16,4,39,10,17,18,31,20,39,0
3,6,39,1,2,16,37,45,66,25,8,4,0,1,0,2,5,0,0,1,4,0,1,0,0,2,1,0,0,1,6,0,3,3,12,27,21,23,1,5,6,36,8,9,8,20,12,13,18,17,3,28,15,16,4,27,4,40,18,31,20,12,1,5,6,7,17,34,3,5,25,7,4,13,0,0,10,2,4,27,13,28,25,16,4,39,10,17,18,31,20,39,1
2,4,18,41,34,8,24,45,15,0,35,4,0,1,0,2,0,1,0,1,0,4,0,1,2,0,0,5,0,3,6,0,7,40,34,19,3,4,1,5,25,36,8,9,8,3,12,27,8,10,3,28,15,36,0,10,10,33,18,31,8,29,3,5,6,7,34,31,11,32,26,23,3,27,0,0,1,2,3,4,13,28,25,36,4,39,4,33,18,31,20,12,0
4,2,28,36,47,35,4,66,87,0,62,9,0,1,2,0,0,1,0,5,6,0,0,1,0,2,0,6,0,3,0,6,7,17,34,19,3,4,3,5,25,7,8,9,6,0,10,11,27,4,13,28,25,16,4,39,4,33,18,31,20,12,1,5,6,7,3,4,0,8,29,9,37,23,0,0,1,11,4,13,15,14,15,36,8,29,0,8,29,9,30,12,1
8,10,28,9,57,3,13,66,15,2,8,31,0,1,2,0,5,0,0,5,0,4,1,0,0,2,1,0,1,0,0,6,7,17,34,19,3,4,0,8,29,9,30,39,0,0,10,11,4,27,3,14,15,36,8,2,4,33,18,31,20,12,7,17,34,31,3,4,3,5,6,36,3,27,8,20,12,13,8,10,3,28,15,16,4,27,4,33,18,31,20,12,0
10,8,28,19,46,8,37,39,87,57,16,4,1,0,0,2,1,0,1,0,0,3,0,1,2,0,1,0,0,3,0,6,7,17,34,19,3,4,0,8,1,9,25,36,15,28,6,7,4,13,3,28,15,16,4,27,10,33,18,31,20,12,7,17,18,19,3,4,0,8,29,9,37,23,0,0,10,11,4,27,12,3,4,39,28,25,4,33,18,31,20,12,1
1,13,0,9,25,3,88,28,36,2,8,24,0,1,0,2,0,1,0,1,3,0,1,0,2,0,0,6,3,0,0,4,0,0,1,2,3,4,0,8,29,9,30,27,8,20,12,13,8,1,13,14,15,16,8,1,10,40,18,24,26,38,8,3,4,27,34,19,3,5,25,7,3,39,8,3,12,13,8,10,3,28,15,16,4,27,10,33,34,24,26,38,1
1,13,55,9,50,89,88,14,66,34,8,24,0,5,0,2,0,1,0,1,3,0,1,0,2,0,0,1,1,0,0,3,1,14,25,16,1,8,0,8,29,9,30,27,13,28,15,16,3,4,15,14,15,16,1,2,10,40,18,24,26,38,1,5,6,7,17,34,1,5,25,7,8,9,8,20,12,27,8,1,3,28,15,16,0,2,10,33,34,24,26,38,1
7,16,18,9,49,89,88,28,66,7,35,44,1,0,0,2,0,1,5,0,0,3,0,1,2,0,1,0,0,3,0,4,15,14,6,16,3,4,0,8,29,9,30,39,15,28,6,36,34,24,15,14,15,16,8,2,10,33,18,24,26,38,7,33,18,19,3,4,1,5,6,36,8,29,0,0,10,2,4,27,13,28,25,36,4,39,6,0,1,11,4,27,0
16,7,46,9,7,35,13,28,1,2,89,37,0,1,2,0,5,0,0,3,0,6,1,0,0,2,0,5,3,0,0,4,15,28,6,7,4,27,0,8,29,9,30,39,0,0,10,2,4,13,13,28,25,16,4,39,4,17,34,31,12,27,7,17,34,19,3,4,1,5,6,36,8,10,2,8,10,2,13,12,13,14,15,16,8,1,10,33,18,31,20,39,1
5,15,28,19,47,3,13,0,1,2,21,4,1,0,0,2,0,1,3,0,4,0,0,1,2,0,1,0,0,3,6,0,8,3,4,27,19,34,0,8,1,9,5,25,6,0,10,11,4,13,1,14,15,36,8,2,4,33,18,31,20,12,0,0,1,2,3,4,1,5,25,16,8,9,8,20,12,13,0,10,9,21,26,23,5,25,4,33,18,31,20,12,0
5,15,0,1,49,35,44,48,19,25,3,13,1,0,0,2,0,1,5,0,3,0,0,1,2,0,1,0,0,3,6,0,0,0,10,11,3,4,1,5,25,36,8,9,15,28,6,36,34,24,13,28,25,36,43,39,6,8,1,11,4,27,1,14,25,7,3,4,0,8,1,9,5,25,8,20,12,13,8,10,3,14,15,36,8,2,4,33,18,31,20,4,0
14,3,73,66,29,35,9,14,87,7,16,31,1,0,0,2,0,1,5,0,0,6,0,1,0,2,1,0,0,5,4,0,7,17,18,31,21,44,1,5,6,7,8,9,3,28,6,7,21,23,13,28,25,16,4,39,4,33,18,31,8,29,1,5,6,7,17,18,11,37,26,23,29,9,0,0,10,11,4,13,15,28,15,16,3,4,4,17,18,31,20,12,1
14,3,18,11,29,16,30,45,66,7,35,24,1,0,0,2,0,1,5,0,0,6,0,1,0,2,1,0,5,0,4,0,7,40,18,19,3,4,3,5,6,7,3,27,5,32,26,23,12,13,15,28,25,16,3,4,1,5,6,36,26,38,3,5,6,7,18,24,1,5,25,36,9,8,0,0,10,11,4,13,13,28,25,36,4,39,10,17,18,31,26,38,0
14,3,66,15,57,35,24,44,19,34,62,4,1,0,0,2,0,1,3,0,0,4,0,1,0,2,1,0,5,0,6,0,1,5,6,7,34,31,3,28,6,7,8,9,0,0,10,11,4,27,13,28,25,16,39,20,10,17,18,19,26,38,7,40,18,31,44,41,0,8,1,9,5,25,0,20,12,13,8,10,15,28,15,36,8,2,4,33,18,31,20,12,0
6,9,14,1,46,35,24,0,19,25,62,4,1,0,0,2,1,0,0,3,4,0,0,1,2,0,0,1,0,5,0,4,3,5,6,7,34,19,1,5,6,36,8,9,15,28,6,7,4,27,13,28,25,16,39,20,10,33,18,24,26,38,0,0,1,2,13,4,0,8,1,9,5,25,8,20,12,13,8,10,15,28,15,16,8,29,4,40,18,31,28,6,1
9,6,14,66,47,35,24,10,9,46,8,31,0,1,2,0,0,1,0,5,0,4,1,0,0,2,1,0,0,5,6,0,1,5,6,7,18,31,1,5,6,36,8,9,13,28,25,16,21,23,13,28,25,16,4,39,10,33,18,24,10,9,3,5,6,7,18,31,0,8,29,9,30,13,15,28,6,7,4,13,13,28,15,16,4,27,4,17,18,31,20,12,0
4,12,10,15,0,74,4,14,11,57,35,31,0,1,2,0,0,3,0,5,6,0,0,1,2,0,0,1,0,5,6,0,3,5,6,7,3,4,11,32,26,23,3,27,0,0,1,2,13,4,13,28,25,16,8,2,4,33,18,31,20,12,1,5,25,7,18,17,3,5,25,36,27,3,0,0,10,2,27,4,13,28,25,16,4,39,4,17,18,31,20,12,1
4,12,14,36,57,35,63,70,15,9,8,4,0,1,2,0,0,1,0,3,4,0,0,1,2,0,0,7,0,1,6,0,3,5,6,7,3,4,11,32,26,23,3,27,0,0,1,2,13,4,13,28,25,16,8,2,4,33,18,31,20,12,1,5,25,7,18,17,3,5,25,36,27,3,0,0,10,2,27,4,13,28,25,16,4,39,4,17,18,31,20,12,1
2,11,14,9,20,21,31,66,11,85,16,4,0,1,0,2,0,5,0,3,0,6,0,1,2,0,1,0,0,5,0,4,3,5,6,7,34,24,0,8,29,9,30,27,3,28,6,36,4,13,9,21,26,41,14,25,4,33,18,31,20,12,1,5,6,7,3,4,3,5,6,7,3,27,0,0,29,9,21,23,12,3,4,39,28,15,4,33,18,31,20,12,0
11,2,45,9,57,3,13,52,1,7,89,88,0,1,2,0,1,0,0,3,0,6,0,1,0,2,0,1,0,5,0,3,3,5,6,7,18,19,0,8,29,9,30,39,0,0,10,2,28,6,3,14,15,16,8,2,4,33,18,31,20,12,3,5,25,7,4,13,1,5,25,36,8,10,0,0,10,11,4,13,15,14,15,36,8,2,4,40,18,31,26,38,1
10,7,66,19,46,35,4,18,9,34,8,24,1,0,0,2,1,0,3,0,0,6,1,0,0,2,0,1,1,0,0,3,7,40,18,19,3,4,0,8,1,9,25,36,15,28,6,7,4,27,13,28,25,16,4,39,4,40,18,31,20,12,7,40,34,31,3,4,0,8,29,9,30,39,8,3,12,27,8,10,13,28,15,16,4,27,10,17,18,31,26,41,0
10,7,45,9,29,8,38,46,1,7,3,24,1,0,0,2,1,0,1,0,4,3,1,0,0,2,0,1,1,0,0,3,3,5,25,7,31,34,0,8,29,9,30,39,5,32,22,23,12,13,3,28,15,16,4,27,2,0,10,11,28,16,15,28,6,7,3,4,1,5,25,36,8,10,0,0,10,2,4,27,13,14,15,16,8,1,10,17,18,31,26,41,1
10,7,28,11,46,8,37,45,9,34,21,31,1,0,0,2,1,0,1,0,0,4,1,0,0,2,0,1,3,0,0,6,7,17,34,19,3,4,3,5,6,7,3,27,15,28,6,7,4,13,3,28,15,16,4,27,10,33,18,31,20,12,3,5,6,7,21,23,0,8,29,9,30,39,0,3,12,27,8,10,13,14,15,16,8,2,4,17,18,31,20,12,1
3,16,28,1,2,35,63,18,11,25,8,26,0,1,0,2,1,0,1,0,3,0,0,1,2,0,1,0,0,1,0,4,8,45,45,45,45,45,8,45,45,45,45,45,8,45,45,45,45,45,8,45,45,45,45,45,8,45,45,45,45,45,8,45,45,45,45,45,8,45,45,45,45,45,8,45,45,45,45,45,8,45,45,45,45,45,8,45,45,45,45,45,0
16,3,46,11,49,35,24,28,66,7,62,44,0,1,2,0,1,0,0,3,0,4,0,1,0,2,1,0,5,0,3,0,7,17,34,19,3,4,8,45,45,45,45,45,8,45,45,45,45,45,13,28,25,16,4,39,8,45,45,45,45,45,8,45,45,45,45,45,3,5,6,16,18,31,8,45,45,45,45,45,8,45,45,45,45,45,8,45,45,45,45,45,1
6,5,14,19,46,8,4,39,1,57,35,24,1,0,0,2,1,0,0,1,6,0,1,0,0,2,0,1,3,0,4,0,3,5,6,7,34,19,0,8,29,9,25,5,15,28,6,7,4,13,13,28,15,16,4,27,4,33,18,31,20,12,7,17,18,19,4,13,1,5,25,36,8,9,0,0,10,11,4,27,13,28,25,16,4,39,10,33,18,24,26,38,0
5,6,28,1,47,8,38,14,9,46,35,13,1,0,0,2,0,1,5,0,3,4,1,0,0,2,1,0,0,3,6,0,7,17,18,19,4,27,1,5,25,36,8,9,6,0,10,11,21,23,13,28,15,16,4,27,2,0,1,2,28,16,3,5,6,7,34,19,0,8,29,9,30,13,15,28,25,7,4,13,13,28,25,16,4,39,4,33,18,19,12,27,0
6,5,43,66,46,8,4,10,1,47,35,40,6,1,0,2,1,0,0,1,6,0,1,0,0,2,0,1,3,0,4,0,3,5,6,7,4,13,1,5,6,36,8,9,15,28,25,7,4,13,3,28,15,16,4,27,4,33,18,31,20,12,3,5,25,7,3,4,1,5,25,36,8,9,6,0,10,11,21,23,13,28,25,16,4,39,10,33,18,24,6,28,0
10,1,14,9,47,8,24,0,66,34,3,90,1,0,0,2,1,0,1,0,0,4,0,1,0,2,0,1,0,1,3,0,1,5,25,7,34,24,0,8,29,9,30,39,6,0,10,11,21,23,3,28,15,16,4,27,10,33,18,24,26,38,3,28,6,7,3,4,1,5,6,36,8,9,8,3,12,27,8,10,13,14,15,16,1,2,6,0,29,11,21,38,0
1,10,55,9,47,3,37,66,11,46,35,44,0,5,0,2,0,1,0,1,3,0,1,0,0,2,1,0,3,0,0,4,1,14,25,16,8,1,0,8,29,9,30,27,6,0,10,11,21,23,3,14,15,16,1,2,10,20,12,13,34,19,1,5,25,7,34,19,3,5,6,7,3,27,15,28,6,7,4,27,13,28,25,16,4,39,2,8,10,9,20,4,1
12,9,28,11,85,35,44,18,91,9,89,88,0,1,2,0,0,1,0,3,6,0,0,1,2,0,0,7,1,0,0,3,7,17,34,19,4,3,3,5,25,36,3,27,0,0,10,2,21,23,13,28,25,16,4,39,6,8,1,11,4,27,7,40,18,31,3,4,11,37,26,23,28,7,15,5,6,7,31,34,15,28,15,36,2,8,10,40,18,24,21,38,0
9,12,28,29,9,8,88,14,15,47,35,4,0,1,2,0,0,3,3,0,0,4,0,1,2,0,0,1,0,1,6,0,7,17,35,19,3,4,11,32,26,23,3,43,0,8,29,9,31,34,3,28,15,16,4,27,4,40,18,24,21,38,3,5,25,7,3,27,11,32,26,23,3,27,13,28,25,16,21,23,13,28,25,16,4,39,4,33,18,31,20,12,0
12,9,39,66,29,74,4,14,15,57,35,9,0,1,2,0,0,1,0,5,4,0,0,1,2,0,0,1,5,0,0,6,7,17,18,19,13,4,1,5,6,36,8,9,5,32,26,23,13,12,13,28,25,16,8,2,4,33,18,31,20,12,3,5,6,7,34,31,11,32,26,23,3,27,0,0,10,11,20,4,13,28,25,16,4,39,0,8,29,9,30,13,1
13,3,14,46,0,89,88,66,9,12,35,44,1,0,2,0,0,5,3,0,0,6,0,1,0,2,6,0,0,5,3,0,3,5,6,7,17,34,3,28,6,7,3,27,0,0,10,11,4,13,13,14,15,16,8,2,10,40,34,24,38,26,1,5,6,7,3,4,0,8,29,9,30,13,5,21,22,23,4,13,13,28,25,16,4,39,6,8,10,11,4,27,0
3,13,14,15,70,35,37,9,19,34,16,44,0,1,0,2,1,0,0,1,3,0,1,0,2,0,0,1,3,0,0,4,1,5,6,7,17,18,3,5,6,16,26,23,0,20,12,27,8,29,13,28,25,16,4,39,10,17,34,31,20,12,3,5,15,7,34,31,0,8,1,9,5,25,5,20,12,27,8,1,15,28,25,16,3,4,2,0,10,11,4,27,1
4,7,28,6,7,35,4,18,87,49,89,24,0,1,2,0,0,1,0,3,6,0,1,0,0,2,0,1,3,0,0,4,7,17,34,31,3,4,3,5,6,36,26,38,0,0,10,2,27,3,13,28,25,36,4,39,4,33,18,31,20,12,15,14,25,7,0,10,3,28,6,7,26,23,15,28,6,36,34,24,13,14,15,16,8,1,10,17,18,31,26,41,0
4,7,39,36,57,35,44,66,46,47,8,24,0,1,2,0,0,1,0,3,6,0,1,0,0,2,0,1,1,0,0,3,7,17,34,19,4,13,3,5,25,7,8,9,0,0,10,2,4,27,13,28,25,36,4,39,6,8,1,11,4,27,7,17,34,31,3,4,15,28,25,7,26,23,6,0,10,11,21,23,13,28,15,36,4,27,10,17,34,24,26,41,0
8,0,14,87,2,35,13,39,9,57,62,37,0,1,2,0,1,0,0,3,0,6,0,1,0,2,0,5,3,0,4,0,3,5,25,7,34,17,0,8,29,9,37,23,8,20,12,13,8,10,13,28,25,16,4,39,4,33,18,31,20,12,7,17,18,19,4,13,0,8,10,9,6,5,0,0,10,11,4,27,15,28,15,16,8,1,8,20,12,39,18,31,1
0,8,39,36,33,89,88,14,66,12,35,37,0,1,0,2,0,1,3,0,6,0,0,1,2,0,1,0,0,3,0,4,7,17,18,19,4,13,0,8,10,9,3,4,15,28,6,36,34,31,13,28,15,16,8,1,6,0,1,11,18,24,3,5,6,7,34,17,1,5,25,36,8,29,9,21,22,23,0,10,13,28,25,36,4,39,10,33,18,31,12,39,1
0,8,39,66,7,89,88,14,71,2,35,37,0,1,0,2,0,5,3,0,6,0,0,1,2,0,3,0,0,3,0,4,7,17,18,19,3,4,0,8,10,9,6,5,0,0,10,11,4,27,13,28,15,16,8,1,6,0,1,11,18,24,3,5,6,36,34,17,5,32,26,23,25,36,2,8,10,11,12,13,13,28,25,36,4,39,10,33,18,31,12,39,1
5,14,14,11,46,35,42,73,87,25,89,13,1,0,0,2,0,1,5,0,6,0,1,0,0,2,0,1,3,0,0,6,3,5,25,7,17,34,3,5,25,36,3,27,15,28,6,36,3,12,13,28,25,36,4,39,4,33,18,31,30,12,7,17,18,31,21,44,0,8,29,9,26,23,8,20,12,13,8,1,15,28,15,16,1,8,4,33,18,31,20,12,0
14,5,18,87,34,89,77,48,1,28,3,13,1,0,0,2,0,1,3,0,0,6,1,0,0,2,0,1,5,0,6,0,15,14,6,7,34,19,0,8,29,9,26,23,15,20,12,27,8,1,15,28,15,16,8,2,6,8,1,11,20,4,1,14,25,36,4,13,1,5,6,36,8,9,8,3,12,27,17,34,1,14,15,36,8,2,4,33,18,31,20,12,1
2,1,17,11,12,35,24,10,1,2,89,90,0,1,0,2,0,1,0,3,0,6,0,1,0,2,0,6,0,5,3,0,8,45,45,45,45,45,8,45,45,45,45,45,8,45,45,45,45,45,8,45,45,45,45,45,8,45,45,45,45,45,8,45,45,45,45,45,8,45,45,45,45,45,8,45,45,45,45,45,8,45,45,45,45,45,8,45,45,45,45,45,0
1,2,0,1,2,3,13,14,66,57,8,4,0,1,0,2,0,1,0,3,6,0,0,1,0,2,0,5,0,5,0,6,8,45,45,45,45,45,8,45,45,45,45,45,8,45,45,45,45,45,8,45,45,45,45,45,8,45,45,45,45,45,8,45,45,45,45,45,8,45,45,45,45,45,8,45,45,45,45,45,8,45,45,45,45,45,8,45,45,45,45,45,1
16,9,18,11,25,16,4,45,36,44,35,13,0,1,2,0,1,0,0,3,0,4,0,1,2,0,0,1,3,0,0,4,7,40,34,19,3,4,3,5,6,16,18,31,8,20,12,27,8,10,15,28,25,16,4,3,4,17,18,31,20,12,3,5,6,7,18,31,3,5,25,7,3,39,8,3,12,27,8,10,13,28,25,16,4,39,4,17,18,31,20,12,1
9,16,44,19,33,74,31,14,66,47,35,4,0,1,2,0,0,1,5,0,0,6,0,1,2,0,1,0,0,5,0,4,7,40,18,31,0,10,0,8,1,2,5,25,15,28,6,36,34,31,13,28,25,16,2,8,4,33,18,31,20,12,1,5,6,7,34,31,1,5,6,36,8,29,13,28,25,36,21,23,13,28,25,16,39,4,4,17,18,31,20,12,0
6,12,66,19,44,35,13,52,6,57,89,88,1,0,0,2,1,0,0,3,6,0,0,1,2,0,0,1,0,3,4,0,8,45,45,45,45,45,8,45,45,45,45,45,8,45,45,45,45,45,8,45,45,45,45,45,8,45,45,45,45,45,8,45,45,45,45,45,8,45,45,45,45,45,8,45,45,45,45,45,8,45,45,45,45,45,8,45,45,45,45,45,0
12,6,0,66,29,89,88,14,36,57,35,44,0,1,2,0,0,1,0,3,4,0,1,0,0,2,1,0,0,5,3,0,1,5,6,36,8,9,8,45,45,45,45,45,6,8,10,11,4,27,13,28,25,16,4,39,8,45,45,45,45,45,8,45,45,45,45,45,8,45,45,45,45,45,0,0,10,2,4,27,13,28,15,16,8,1,10,40,18,24,26,38,0
12,6,14,36,46,89,88,28,66,57,35,16,0,1,2,0,0,1,0,5,3,0,1,0,0,2,1,0,0,3,4,0,3,5,25,7,34,17,3,5,6,7,3,39,15,28,6,36,4,27,13,28,15,16,8,1,10,40,18,24,26,38,7,17,18,19,3,4,1,5,6,36,8,9,0,0,10,2,4,27,13,28,25,16,4,39,12,20,4,39,16,28,1
4,13,66,19,47,35,44,14,29,0,16,37,0,1,2,0,0,1,0,3,6,0,1,0,2,0,0,1,1,0,0,3,1,5,6,7,18,31,0,8,1,9,26,38,6,0,10,11,27,4,13,28,25,16,4,39,6,8,1,11,4,27,1,5,6,7,17,34,11,32,22,23,43,3,0,0,10,11,12,13,15,28,25,16,3,4,10,33,34,24,3,4,1
4,13,14,61,46,35,77,66,11,25,74,13,0,1,2,0,0,1,0,3,6,0,1,0,2,0,0,1,5,0,0,6,1,5,6,7,18,31,0,8,1,9,26,38,6,0,10,11,27,4,13,28,25,16,4,39,6,8,1,11,4,27,1,5,6,7,17,34,11,32,22,23,43,3,0,0,10,11,12,13,15,28,25,16,3,4,10,33,34,24,3,4,1
0,11,39,19,2,35,31,14,87,44,0,92,0,1,0,2,0,3,3,0,6,0,0,1,2,0,5,0,0,1,0,6,7,17,18,19,4,13,0,8,1,9,25,5,2,8,29,11,13,12,13,28,25,16,4,39,4,17,18,31,20,12,1,5,6,7,31,34,0,8,29,9,37,23,6,0,10,11,21,41,2,0,1,11,3,4,4,17,18,31,28,6,1
0,11,39,36,2,3,31,0,87,20,14,4,0,1,0,2,0,3,5,0,6,0,0,1,2,0,5,0,0,1,0,4,7,17,18,19,4,13,0,8,10,9,3,4,2,8,29,11,12,13,13,28,15,16,8,2,4,17,18,31,20,12,0,0,1,2,4,3,0,8,29,9,37,23,3,28,6,36,21,23,1,5,6,7,34,31,4,40,18,31,20,12,0
11,0,9,15,7,0,31,14,11,57,62,4,0,1,2,0,1,0,0,1,0,6,0,1,0,2,0,1,5,0,4,0,15,5,6,7,31,34,3,5,25,7,20,27,0,0,10,11,4,27,3,28,6,7,3,4,4,17,18,31,20,12,3,5,25,7,34,31,3,5,6,7,27,3,0,0,10,2,4,27,15,28,15,16,8,29,4,17,18,31,20,12,0
